"Term.name","P.value","Z.score","Combined.score","Overlapping.genes","Adjusted.p.value","Old.p.value","Old.adjusted.p.value","gene.count","TF_NAME","FDR","cycling_in_CTL_BHQ","cycling_in_AD_BHQ","DR_AR1_BHQ","DR_AR1_mthd2_BHQ","DR_logAmpRatio","diff_mesor","DEseq_DE_BHQ"
"RELA (human)",0.00150347988523323,1.74652543009541,11.3523680246046,"['PRR5', 'FCGBP', 'GRAMD1A', 'PID1', 'CEBPD', 'ABHD3', 'F13A1', 'DENND3', 'PLAT', 'TCIRG1', 'HIF1A', 'TYMP', 'PLAC8', 'SBNO2', 'DBP', 'DSE', 'FAM110B', 'CHST15', 'PIM1', 'TBC1D14', 'MAP3K8', 'PLXNC1', 'IKBKE', 'TRPM3', 'MOAP1', 'RBFOX1', 'XBP1', 'CD93', 'CNTN5', 'PLEKHG5', 'LIMK2', 'TNFSF13', 'RAB27A', 'NAV2', 'MLLT11', 'C1ORF216', 'CXCL12', 'BCL6', 'SNRPG', 'FAM20A', 'ASTN2', 'CNTNAP5', 'PTPN2', 'FKBP5']",0.179427574596469,0,0,44,"RELA",0.179427574596469,NA,NA,NA,NA,NA,NA,NA
"CACYBP (human)",0.00221150056755541,2.14304812834225,13.1027762813374,"['SNAP25', 'FCGBP', 'GRAMD1A', 'ACOT7', 'SIGLEC9', 'PLEKHG5', 'PXN', 'TCIRG1', 'LTC4S', 'PRDM11', 'SYN3', 'MLLT11', 'SBNO2', 'CXCL12', 'STAB1', 'APOC1', 'FAM110B', 'SUSD3', 'PLTP', 'CD55', 'FKBP5']",0.179427574596469,0,0,21,"CACYBP",0.179427574596469,0.186987581049179,0.0819310891316597,0.591876010722225,0.59812461507954,0.232658412023011,0.934556671919112,1
"SRF (mouse)",0.00294218245411405,2.17254457165137,12.662901202065,"['LINGO2', 'CD83', 'GMFG', 'PLEKHG5', 'USP9Y', 'KCNIP4', 'EAF2', 'NAP1L2', 'HIF1A', 'BST2', 'PLAC8', 'RALYL', 'SLC25A19', 'KIF26B', 'ENPP1', 'CTNNA3', 'TLR5', 'PLTP', 'TRPM3']",0.179427574596469,0,0,19,"SRF",0.179427574596469,NA,NA,NA,NA,NA,NA,NA
"SOX10 (mouse)",0.00344845450442153,2.98836111984901,16.9434968925391,"['CD163', 'PID1', 'PSMD5', 'TBC1D14', 'SUSD3', 'DENND3', 'PYGL', 'ERC2', 'MGLL', 'HIST1H2AC']",0.179427574596469,0,0,10,"SOX10",0.179427574596469,NA,NA,NA,NA,NA,NA,NA
"STAT1 (mouse)",0.00405798559416617,11.6151202749141,63.9652640068095,"['CEBPD', 'CASP4', 'HAMP']",0.179427574596469,0,0,3,"STAT1",0.179427574596469,0.619095866789856,0.100824886494154,NA,NA,NA,0.785274266865591,0.750048865982797
"MIR138 (human)",0.00557724521726828,1.96229205716963,10.182451836678,"['CHRM3', 'NRN1', 'ACOT7', 'CNTN5', 'ABHD3', 'IL15', 'ACSL1', 'PLEKHG5', 'NAV2', 'TCIRG1', 'MLLT11', 'SBNO2', 'CXCL12', 'BCL6', 'STAB1', 'APOC1', 'ITGAX', 'A2M', 'IKBKE', 'PTPN2', 'HIST1H2AC']",0.179427574596469,0,0,21,"MIR138",0.179427574596469,NA,NA,NA,NA,NA,NA,NA
"NFE2 (human)",0.00572006713070957,1.67547558000888,8.65177847338366,"['FCGBP', 'GRAMD1A', 'TSHZ3', 'GMFG', 'TCIRG1', 'LTC4S', 'MED12L', 'TYMP', 'PGS1', 'FCGR3A', 'HRH2', 'PSTPIP2', 'ADAMTS17', 'STAB1', 'TMEM108', 'TBC1D14', 'FLVCR2', 'ERC2', 'P2RY12', 'RBFOX1', 'XBP1', 'ACOT7', 'CNTN5', 'ACSL1', 'PLEKHG5', 'KCNIP4', 'SYN3', 'RALYL', 'FCGR2A', 'CXCL12', 'CDH12', 'CD69', 'TLR5', 'ASTN2', 'PFN1', 'HSPA1B']",0.179427574596469,0,0,36,"NFE2",0.179427574596469,NA,NA,NA,NA,NA,NA,NA
"ELF3 (human)",0.00632075261027493,1.85501270203601,9.39363034594276,"['CX3CR1', 'P2RY12', 'MOAP1', 'RBFOX1', 'ACOT7', 'FCER1G', 'SIGLEC9', 'IL4R', 'DSCAM', 'IL15', 'MVP', 'USP9Y', 'DENND3', 'NAV2', 'TCIRG1', 'AIF1', 'FCGR3A', 'DBP', 'OAS1', 'KIF26B', 'FLVCR2', 'CTNNA3', 'MGLL', 'FKBP5']",0.179427574596469,0,0,24,"ELF3",0.179427574596469,NA,NA,NA,NA,NA,NA,NA
"Stat3 (mouse)",0.00675144152996199,1.89556837461826,9.47404928984144,"['LINGO2', 'ROBO2', 'P2RY13', 'RYR2', 'CNTN5', 'GPR65', 'TNFSF13', 'EAF2', 'SYN3', 'BST2', 'KBTBD12', 'PLSCR1', 'RALYL', 'BCL6', 'ADAMTS17', 'CASP4', 'TBC1D14', 'RBMS1', 'TLR5', 'JAK3', 'IKBKE', 'TRPM3']",0.179427574596469,0,0,22,"Stat3",0.179427574596469,1.25751558748003e-05,0.00164987817696805,0.901885121540135,0.907136432403251,0.21052860862789,0.984215435344917,1
"TBX5 (mouse)",0.00748157454009208,1.87654453781513,9.18627101164394,"['LINGO2', 'CHRM3', 'CD163', 'RNF44', 'RBFOX1', 'ACOT7', 'TNFSF13', 'C5AR1', 'NLRC5', 'RAB27A', 'F13A1', 'TCIRG1', 'TMEM163', 'TYMP', 'RALYL', 'HRH2', 'SH3PXD2B', 'CDH12', 'TBC1D14', 'ERC2', 'TRPM3', 'CD55']",0.179427574596469,0,0,22,"TBX5",0.179427574596469,NA,NA,NA,NA,NA,NA,NA
"Tcfcp2l1 (mouse)",0.00752172436373383,23.1316239316239,113.112712605957,"['TSHZ3', 'DSCAM']",0.179427574596469,0,0,2,"Tcfcp2l1",0.179427574596469,NA,NA,NA,NA,NA,NA,NA
"JUND (mouse)",0.00811462335309802,1.88979816824966,9.09765372560961,"['P2RY12', 'MOAP1', 'CD93', 'ABHD3', 'KCNIP4', 'MAMDC2', 'EAF2', 'NAP1L2', 'LTC4S', 'STXBP5L', 'DPYD', 'DSE', 'PDE4B', 'MAP3K8', 'VSIG4', 'A2M', 'TRPM3', 'DLEU7', 'PTPN2', 'CD55', 'LGMN']",0.179427574596469,0,0,21,"JUND",0.179427574596469,0.00213584737172787,0.00037436692329244,0.969244389363596,0.968365459009298,0.119665381563243,0.462694681526478,0.900583976414876
"TBP (human)",0.0084820307991058,1.61683884297521,7.71200660667894,"['CX3CR1', 'RYR2', 'CHRM3', 'TNFAIP8', 'CD163L1', 'GPR65', 'PXN', 'CBWD3', 'PLAT', 'CASP1', 'PDE4B', 'PIM1', 'SPP1', 'ENPP1', 'CTNNA3', 'A2M', 'S100A11', 'P2RY12', 'LINGO2', 'FCER1G', 'CD93', 'CNTN5', 'IL15', 'PLEKHG5', 'KCNIP4', 'NAV2', 'NAALADL2', 'SAP30', 'MS4A6A', 'RNF144B', 'RALYL', 'CLEC2B', 'RBMS1', 'BAX', 'LCP1', 'CD69', 'FKBP5']",0.179427574596469,0,0,37,"TBP",0.179427574596469,NA,NA,NA,NA,NA,NA,NA
"ZNF354C (human)",0.00925452497111984,1.89450894909323,8.87130842667646,"['CX3CR1', 'PRR5', 'ACOT7', 'GMFG', 'MVP', 'NLRC5', 'IGF1', 'IKZF2', 'MED12L', 'HRH2', 'CASP4', 'FAM110B', 'ITGAX', 'SPP1', 'SUSD3', 'BAX', 'LCP1', 'ASTN2', 'PLTP', 'PTPN2']",0.181785311932711,0,0,20,"ZNF354C",0.181785311932711,NA,NA,NA,NA,NA,NA,NA
"NFKB1 (human)",0.0102043024065181,1.52995451438807,7.01475859082339,"['FCGBP', 'TNFAIP8', 'GRAMD1A', 'PID1', 'TSHZ3', 'PXN', 'PLAT', 'PYGL', 'TCIRG1', 'PRDM11', 'HIF1A', 'TYMP', 'PGS1', 'KBTBD12', 'GOLGA4', 'SBNO2', 'DSE', 'FAM110B', 'CHST15', 'SPP1', 'MAP3K8', 'IKBKE', 'PLTP', 'RBFOX1', 'XBP1', 'ACOT7', 'CD93', 'ACSL1', 'PLEKHG5', 'LIMK2', 'USP9Y', 'TNFSF13', 'TNFRSF1B', 'IGF2R', 'RALYL', 'PER3', 'CXCL12', 'DPYD', 'APOC1', 'RBMS1', 'LCP1', 'CD69', 'ASTN2', 'PFN1', 'CNTNAP5', 'FKBP5']",0.187078877452832,0,0,46,"NFKB1",0.187078877452832,0.0557866597791215,0.0832626418504406,0.875013805821326,0.881111890200384,0.339023067113323,0.999900321403679,0.985501378612174
"HIVEP1 (human)",0.0119615385851901,3.04197530864198,13.4639618716245,"['NLGN4Y', 'PID1', 'KCNIP4', 'FAM110B', 'ASTN2', 'CNTNAP5', 'HIST1H2AC']",0.203026861588029,0,0,7,"HIVEP1",0.203026861588029,0.889728642750511,0.502865247780728,NA,NA,NA,0.808552162781707,0.736466788142689
"SND1 (human)",0.0125507514436236,1.7180342670895,7.52151062241653,"['SNAP25', 'PID1', 'LY96', 'DENND3', 'HIF1A', 'SPP1', 'TBC1D14', 'MAP3K8', 'IKBKE', 'PLTP', 'HIST1H2AC', 'CD55', 'P2RY12', 'RBFOX1', 'XBP1', 'ACSL1', 'TNFSF13', 'KCNIP4', 'OAS1', 'KIF26B', 'BAX', 'CD69', 'PFN1', 'CNTNAP5', 'FKBP5']",0.203026861588029,0,0,25,"SND1",0.203026861588029,0.00374040515757756,0.0026922453721399,0.723486859623949,0.736407522732192,0.22120150397769,0.994879524652093,1
"TCF4 (human)",0.0150379190233939,1.44995410444447,6.08571885069454,"['ROBO2', 'RYR2', 'CHRM3', 'CD83', 'UBXN2B', 'TFRC', 'FRMPD4', 'GPR65', 'GMFG', 'PYGL', 'CYSLTR1', 'GOLGA4', 'PDE4B', 'PIM1', 'ENPP1', 'VSIG4', 'DLEU7', 'RBFOX1', 'ACOT7', 'FCER1G', 'MAMDC2', 'UBE2QL1', 'NAV2', 'SYN3', 'NAALADL2', 'MS4A6A', 'PLSCR1', 'OAS1', 'LAP3', 'GRAMD1A', 'CD163L1', 'HIF1A', 'PLAC8', 'HRH2', 'CTNNA3', 'A2M', 'GBP2', 'CD55', 'MAP2K6', 'P2RY12', 'NLGN4Y', 'CD163', 'CNTN5', 'USP9Y', 'TNFSF13', 'RAB27A', 'IGF1', 'IGF2R', 'C1ORF216', 'RALYL', 'PLCXD3', 'BCL6', 'RNF149', 'CD69', 'PTPN2']",0.229745985079628,0,0,55,"TCF4",0.229745985079628,0.00998432142565046,0.00189879328673996,0.796163615183,0.806833419059225,0.418712990472786,0.992905719670679,1
"HMGA1 (human)",0.0191954987349499,1.74797586154756,6.90988748940608,"['P2RY12', 'PRR5', 'P2RY13', 'CHRM3', 'GPR65', 'MAMDC2', 'F13A1', 'IGF1', 'HIF1A', 'STXBP5L', 'PLAC8', 'CYSLTR1', 'PLCXD3', 'BCL6', 'CASP4', 'CDH12', 'TBC1D14', 'CTNNA3', 'CD69', 'ERC2']",0.248368220454781,0,0,20,"HMGA1",0.248368220454781,NA,NA,NA,NA,NA,NA,NA
"SNAI2 (human)",0.0200729411500378,1.76510741107295,6.89871506135209,"['FCGBP', 'PTPN1', 'GRAMD1A', 'ACOT7', 'SIGLEC9', 'TNFSF13', 'PXN', 'LY96', 'UFSP2', 'TNFRSF1B', 'PLAC8', 'ZFP36', 'DBP', 'PSMD5', 'HRH2', 'STAB1', 'SUSD3', 'JAK3', 'IKBKE']",0.248368220454781,0,0,19,"SNAI2",0.248368220454781,NA,NA,NA,NA,NA,NA,NA
"SNAI1 (human)",0.0205413978654077,1.76027059199257,6.83920225160962,"['FCGBP', 'PTPN1', 'GRAMD1A', 'ACOT7', 'SIGLEC9', 'TNFSF13', 'PXN', 'LY96', 'UFSP2', 'TNFRSF1B', 'PLAC8', 'ZFP36', 'DBP', 'PSMD5', 'HRH2', 'STAB1', 'SUSD3', 'JAK3', 'IKBKE']",0.248368220454781,0,0,19,"SNAI1",0.248368220454781,NA,NA,NA,NA,NA,NA,NA
"TCF3 (human)",0.0205413978654077,1.76027059199257,6.83920225160962,"['FCGBP', 'PTPN1', 'GRAMD1A', 'ACOT7', 'SIGLEC9', 'TNFSF13', 'PXN', 'LY96', 'UFSP2', 'TNFRSF1B', 'PLAC8', 'ZFP36', 'DBP', 'PSMD5', 'HRH2', 'STAB1', 'SUSD3', 'JAK3', 'IKBKE']",0.248368220454781,0,0,19,"TCF3",0.248368220454781,NA,NA,NA,NA,NA,NA,NA
"TEAD1 (human)",0.0207726148016726,1.66812368463656,6.46251092180573,"['P2RY12', 'PRR5', 'LINGO2', 'SNAP25', 'MOAP1', 'RBFOX1', 'TFRC', 'LIMK2', 'MAMDC2', 'UBE2QL1', 'F13A1', 'PLAT', 'BZW2', 'TNFRSF1B', 'CYSLTR1', 'SBNO2', 'HRH2', 'VSIG4', 'A2M', 'ERC2', 'IKBKE', 'TRPM3', 'PTPN2']",0.248368220454781,0,0,23,"TEAD1",0.248368220454781,0.284903305426061,0.620874960358228,NA,NA,NA,0.882735460577027,0.995397726935177
"KLF11 (human)",0.0246369623901165,1.74911950449356,6.47787707654397,"['PRR5', 'FCGBP', 'RBFOX1', 'SIGLEC9', 'PLEKHG5', 'NLRC5', 'TCIRG1', 'LTC4S', 'MLLT11', 'ZFP36', 'SBNO2', 'DBP', 'CXCL12', 'FAM110B', 'SUSD3', 'ASTN2', 'PFN1', 'CD55']",0.282298527386752,0,0,18,"KLF11",0.282298527386752,NA,NA,NA,NA,NA,NA,NA
"USF2 (human)",0.0272053626546432,1.42239897057029,5.12681116793198,"['PRR5', 'FCGBP', 'GRAMD1A', 'SIGLEC9', 'FRMPD4', 'PXN', 'LY96', 'UFSP2', 'SPATA6', 'TYMP', 'FCGR3A', 'ZFP36', 'DBP', 'PSMD5', 'HRH2', 'SH3PXD2B', 'STAB1', 'SUSD3', 'GBP2', 'IKBKE', 'CD55', 'LINGO2', 'PTPN1', 'RBFOX1', 'ACOT7', 'CNTN5', 'TNFSF13', 'KCNIP4', 'IGF1', 'TNFRSF1B', 'IGF2R', 'C1ORF216', 'RALYL', 'PER3', 'BCL6', 'RNF149', 'KIF26B', 'APOC1', 'BAX', 'PFN1', 'HAMP', 'MGLL', 'PTPN2', 'FKBP5', 'LGMN', 'HSPA1A']",0.299258989201075,0,0,46,"USF2",0.299258989201075,0.0690751129535232,0.250531132231299,NA,NA,NA,0.955375150804583,1
"IRF8 (mouse)",0.0283943014574817,1.6119737402254,5.74115216670715,"['LINGO2', 'ROBO2', 'GPR65', 'KCNIP4', 'NAP1L2', 'SYN3', 'IKZF2', 'SAP30', 'MLLT11', 'RALYL', 'CYSLTR1', 'CDH12', 'SPP1', 'TBC1D14', 'RBMS1', 'CTNNA3', 'LAP3', 'CD69', 'GBP2', 'PFN1', 'JAK3', 'TRPM3', 'HIST1H2AC']",0.300324342338749,0,0,23,"IRF8",0.300324342338749,0.980359984858083,0.198676476317895,NA,NA,NA,0.935899262957014,1
"KLF4 (human)",0.0318058496182318,1.66852552245811,5.7532512898091,"['PRR5', 'FCGBP', 'RBFOX1', 'SIGLEC9', 'PLEKHG5', 'NLRC5', 'TCIRG1', 'LTC4S', 'MLLT11', 'ZFP36', 'SBNO2', 'DBP', 'CXCL12', 'FAM110B', 'SUSD3', 'TLR5', 'ASTN2', 'PFN1', 'CD55']",0.323948468333842,0,0,19,"KLF4",0.323948468333842,NA,NA,NA,NA,NA,NA,NA
"ZNF148 (human)",0.0435352785803832,1.58292307114134,4.96117163683457,"['PRR5', 'FCGBP', 'RBFOX1', 'SIGLEC9', 'TSHZ3', 'PLEKHG5', 'SLC11A1', 'KCNIP4', 'NLRC5', 'TCIRG1', 'LTC4S', 'SBNO2', 'CXCL12', 'BCL6', 'FAM110B', 'SUSD3', 'FAM20A', 'ASTN2', 'PFN1', 'HSPA1A']",0.42339873814549,0,0,20,"ZNF148",0.42339873814549,0.0719421351824657,0.593364751702459,NA,NA,NA,0.807372254627712,0.995397726935177
"POU2F1 (mouse)",0.0446493214771608,1.61833417978669,5.03126529717897,"['SNAP25', 'RNF44', 'CD83', 'GPR65', 'NAP1L2', 'LY96', 'IGF1', 'STON2', 'RALYL', 'TMEM108', 'CDH12', 'SPP1', 'CTNNA3', 'TMEM39A', 'GBP2', 'DLEU7', 'HIST1H2AC', 'FKBP5']",0.42339873814549,0,0,18,"POU2F1",0.42339873814549,0.0315749564204884,0.77982801279294,NA,NA,NA,0.979638759644307,1
"HINFP (human)",0.0462148442227191,1.38138655860467,4.24700974695731,"['PRR5', 'SNAP25', 'CD83', 'TSHZ3', 'TFRC', 'GPR65', 'MVP', 'IKZF2', 'TYMP', 'PLAC8', 'ZFP36', 'SBNO2', 'CASP4', 'CHST15', 'PDE4B', 'TMEM108', 'PIM1', 'SPP1', 'SUSD3', 'FLVCR2', 'PLXNC1', 'GBP2', 'TRPM3', 'MOAP1', 'CD163', 'RBFOX1', 'XBP1', 'CNTN5', 'PLEKHG5', 'LIMK2', 'TNFSF13', 'KCNIP4', 'C1ORF162', 'IGF2R', 'SAP30', 'STXBP5L', 'PER3', 'BCL6', 'KIF26B', 'PFN1', 'HSPA1A']",0.423636072041592,0,0,41,"HINFP",0.423636072041592,NA,NA,NA,NA,NA,NA,NA
"RBPJ (mouse)",0.0524327932521081,1.51390035783099,4.46331594244196,"['LINGO2', 'SNAP25', 'PTPN1', 'TNFAIP8', 'RBFOX1', 'NOTCH1', 'ACSL1', 'MAMDC2', 'TBC1D8', 'EAF2', 'TMTC2', 'PLAT', 'UFSP2', 'MLLT11', 'PLSCR1', 'CXCL12', 'PDE4B', 'SNRPG', 'CTNNA3', 'LCP1', 'DLGAP2', 'LGMN']",0.437303062098734,0,0,22,"RBPJ",0.437303062098734,5.80296086090077e-06,0.00138943367519454,0.984929066677863,0.983926712472533,0.00861448683610333,0.828529547737809,0.892157939767348
"TFAP2C (human)",0.0524327932521081,1.51390035783099,4.46331594244196,"['SNAP25', 'RYR2', 'PID1', 'ACSL1', 'PLEKHG5', 'LIMK2', 'KCNIP4', 'EAF2', 'TMTC2', 'UBE2QL1', 'DENND3', 'AIF1', 'KBTBD12', 'ZFP36', 'SBNO2', 'CXCL12', 'SLC25A19', 'DPYD', 'CASP4', 'STAB1', 'SUSD3', 'TLR5']",0.437303062098734,0,0,22,"TFAP2C",0.437303062098734,NA,NA,NA,NA,NA,NA,NA
"ETV4 (human)",0.0526885306930979,1.56192749824844,4.59731098679222,"['ROBO2', 'ACOT7', 'FCER1G', 'SIGLEC9', 'DSCAM', 'LIMK2', 'USP9Y', 'TNFSF13', 'MAMDC2', 'TCIRG1', 'LTC4S', 'AIF1', 'MS4A6A', 'CTNNA3', 'CD69', 'ERC2', 'HSPA1B', 'FKBP5', 'LGMN']",0.437303062098734,0,0,19,"ETV4",0.437303062098734,NA,NA,NA,NA,NA,NA,NA
"RUNX2 (mouse)",0.0540665604049343,1.57599691774225,4.598033088166,"['LINGO2', 'ROBO2', 'CHRM3', 'CD93', 'GPR65', 'PLEKHG5', 'SLC11A1', 'LIMK2', 'TNFSF13', 'C5AR1', 'RAB27A', 'LTC4S', 'PLAC8', 'PDE4B', 'JAK3', 'IKBKE', 'HAMP', 'PLTP']",0.437303062098734,0,0,18,"RUNX2",0.437303062098734,0.00131371137880625,0.000285232966972144,0.63347931566969,0.642297267915138,0.429188713480357,0.637844263795209,0.852782611660496
"NME2 (human)",0.057930525513192,5.77521367521368,16.4507586554845,"['KIF26B', 'DLGAP2']",0.439046759801545,0,0,2,"NME2",0.439046759801545,0.0110975233171272,0.168504675465818,0.458971116127567,0.454141632357565,-0.563659762896547,0.923534481681978,1
"NR5A1 (human)",0.0588704085463775,1.52131923318364,4.30901002668517,"['RBFOX1', 'FCER1G', 'TFRC', 'ABHD3', 'LIMK2', 'KCNIP4', 'TBC1D8', 'IGF1', 'TMEM163', 'AIF1', 'PLAC8', 'BCL6', 'PSTPIP2', 'ITGAX', 'PDE4B', 'TBC1D14', 'ASTN2', 'RNF175', 'GBP2', 'CNTNAP5']",0.439046759801545,0,0,20,"NR5A1",0.439046759801545,NA,NA,NA,NA,NA,NA,NA
"ETV4 (mouse)",0.0614432849049066,1.54758072152258,4.31719420803143,"['P2RY12', 'FCGBP', 'CHRM3', 'RBFOX1', 'MVP', 'KCNIP4', 'TCIRG1', 'SPATA6', 'STXBP5L', 'PLAC8', 'PLSCR1', 'RALYL', 'BCL6', 'DSE', 'CASP1', 'PIM1', 'RBMS1', 'MAP2K6']",0.439046759801545,0,0,18,"ETV4",0.439046759801545,NA,NA,NA,NA,NA,NA,NA
"LEF1 (human)",0.063607792797907,1.29980332445121,3.58098322930461,"['PRR5', 'ROBO2', 'CHRM3', 'TNFAIP8', 'UBXN2B', 'PLAT', 'UFSP2', 'IKZF2', 'KBTBD12', 'FCGR3A', 'CASP4', 'FAM110B', 'PDE4B', 'PIM1', 'ENPP1', 'FLVCR2', 'VSIG4', 'IKBKE', 'ACOT7', 'DSCAM', 'ACSL1', 'PLEKHG5', 'NAV2', 'NAALADL2', 'MS4A6A', 'RNF144B', 'PLSCR1', 'OAS1', 'CNTNAP5', 'ABHD3', 'MVP', 'PXN', 'TMTC2', 'AIF1', 'PLAC8', 'HRH2', 'TBC1D14', 'SUSD3', 'A2M', 'TRPM3', 'P2RY12', 'LINGO2', 'NLGN4Y', 'KCNIP4', 'NAP1L2', 'RAB27A', 'IGF1', 'IGF2R', 'STXBP5L', 'RALYL', 'PLCXD3', 'CXCL12', 'CLEC2B', 'BCL6', 'PTPN2']",0.439046759801545,0,0,55,"LEF1",0.439046759801545,NA,NA,NA,NA,NA,NA,NA
"MYOG (human)",0.0639599691071672,1.52058659783379,4.18084961800562,"['LINGO2', 'CHRM3', 'GRAMD1A', 'PID1', 'ACOT7', 'LIMK2', 'KCNIP4', 'TMTC2', 'SYN3', 'MLLT11', 'PGS1', 'RNF149', 'DSE', 'CDH12', 'FLVCR2', 'CD69', 'IKBKE', 'DLEU7', 'HIST1H2AC']",0.439046759801545,0,0,19,"MYOG",0.439046759801545,NA,NA,NA,NA,NA,NA,NA
"CBEPB (human)",0.0641846981523516,1.37252935235884,3.76895248463257,"['PRR5', 'TFRC', 'LY96', 'SPATA6', 'PLAC8', 'KBTBD12', 'GOLGA4', 'PSMD5', 'CASP4', 'CASP1', 'PDE4B', 'TMEM108', 'SPP1', 'CTNNA3', 'A2M', 'LINGO2', 'MOAP1', 'RBFOX1', 'DSCAM', 'PLEKHG5', 'LIMK2', 'USP9Y', 'KCNIP4', 'NAV2', 'C1ORF162', 'MS4A6A', 'PLSCR1', 'FCGR2A', 'BCL6', 'RNF149', 'NEK10', 'TMEM39A', 'ASTN2', 'PFN1']",0.439046759801545,0,0,34,"CBEPB",0.439046759801545,NA,NA,NA,NA,NA,NA,NA
"FOXI1 (human)",0.0662392177608774,2.42223668981481,6.57511929463469,"['CD163', 'RALYL', 'UBXN2B', 'UBE2QL1', 'C1ORF162']",0.439046759801545,0,0,5,"FOXI1",0.439046759801545,NA,NA,NA,NA,NA,NA,NA
"NKX2-8 (human)",0.0684623113396573,2.18357329842932,5.8551904075929,"['RBFOX1', 'GPR65', 'TMTC2', 'TLR5', 'LGMN', 'STXBP5L']",0.439046759801545,0,0,6,"NKX2-8",0.439046759801545,NA,NA,NA,NA,NA,NA,NA
"CRTC3 (human)",0.0697588760461225,1.55998965039648,4.15380099552806,"['NLGN4Y', 'RNF44', 'NRN1', 'CNTN5', 'GMFG', 'PLEKHG5', 'LIMK2', 'LY96', 'SYN3', 'IGF2R', 'C1ORF216', 'BCL6', 'CD69', 'TLR5', 'TRPM3', 'HSPA1B']",0.439046759801545,0,0,16,"CRTC3",0.439046759801545,NA,NA,NA,NA,NA,NA,NA
"ETS2 (human)",0.0719484884957649,1.49532873265403,3.93541341628526,"['LINGO2', 'ROBO2', 'CHRM3', 'GRAMD1A', 'RBFOX1', 'PID1', 'TSHZ3', 'CNTN5', 'NAV2', 'RNF144B', 'BCL6', 'HRH2', 'APOC1', 'PDE4B', 'PIM1', 'CTNNA3', 'VSIG4', 'PLXNC1', 'HSPA1B']",0.439046759801545,0,0,19,"ETS2",0.439046759801545,0.0850434529816162,0.178498560423973,0.783060670835138,0.794110527969494,0.376129085359705,0.683920525390624,0.64381147880767
"NFKB1 (mouse)",0.0723264510876025,1.34036772088353,3.52056343189034,"['ROBO2', 'FCGBP', 'TNFAIP8', 'GRAMD1A', 'CD83', 'TSHZ3', 'CEBPD', 'GMFG', 'F13A1', 'DENND3', 'LTC4S', 'ZFP36', 'DBP', 'CASP4', 'STAB1', 'CASP1', 'ENPP1', 'CTNNA3', 'JAK3', 'DLGAP2', 'PLTP', 'TRPM3', 'DLEU7', 'MOAP1', 'XBP1', 'HSPA5', 'IL15', 'ACSL1', 'USP9Y', 'TNFSF13', 'EAF2', 'RALYL', 'PER3', 'TLR5', 'PFN1', 'PTPN2', 'LGMN']",0.439046759801545,0,0,37,"NFKB1",0.439046759801545,0.0557866597791215,0.0832626418504406,0.875013805821326,0.881111890200384,0.339023067113323,0.999900321403679,0.985501378612174
"MZF1 1-4 (human)",0.0734405489122585,1.39925831202046,3.65385392747449,"['CX3CR1', 'SNAP25', 'NRN1', 'NOTCH1', 'PVT1', 'GPR65', 'PXN', 'STON2', 'TCIRG1', 'PRDM11', 'IKZF2', 'AIF1', 'CASP1', 'FLVCR2', 'CTNNA3', 'GBP2', 'CD55', 'NLGN4Y', 'RNF44', 'ACOT7', 'FCER1G', 'PLEKHG5', 'IGF1', 'SYN3', 'BST2', 'BCL6', 'FKBP5']",0.439046759801545,0,0,27,"MZF1 1-4",0.439046759801545,NA,NA,NA,NA,NA,NA,NA
"PURA (human)",0.0765287713573794,1.80382978723404,4.63600221500237,"['SNAP25', 'FCGR3A', 'CYSLTR1', 'ACOT7', 'FCER1G', 'GMFG', 'ITGAX', 'NAV2', 'FAM20A']",0.44777472602722,0,0,9,"PURA",0.44777472602722,0.589487137876622,0.00889098292959438,NA,NA,NA,0.840196997340862,0.995397726935177
"PPARA (human)",0.0819273177305775,2.26325757575758,5.66249571728775,"['NLGN4Y', 'ACOT7', 'CD93', 'FAM20A', 'TCIRG1']",0.469375257831434,0,0,5,"PPARA",0.469375257831434,0.188036579975709,0.335938845165176,NA,NA,NA,0.880717360936525,0.91714850712122
"NR3C1 (mouse)",0.0924198349266798,1.51153846153846,3.59959833941339,"['LINGO2', 'KCNIP4', 'TBC1D8', 'F13A1', 'LTC4S', 'AIF1', 'RALYL', 'BCL6', 'DPYD', 'CASP4', 'CASP1', 'SPP1', 'CD69', 'MAP2K6', 'HSPA1A']",0.518682747037489,0,0,15,"NR3C1",0.518682747037489,0.00624220732288897,0.343660573217431,NA,NA,NA,0.911057157278762,0.970624946430401
"USF1 (human)",0.095531325444857,1.43384202582593,3.36709276367487,"['ACOT7', 'USP9Y', 'TNFSF13', 'IGF2R', 'TYMP', 'PER3', 'RNF149', 'HRH2', 'KIF26B', 'SH3PXD2B', 'STAB1', 'APOC1', 'CDH12', 'BAX', 'PFN1', 'HAMP', 'MGLL', 'CD55', 'FKBP5']",0.525422289946714,0,0,19,"USF1",0.525422289946714,NA,NA,NA,NA,NA,NA,NA
"ETS1 (human)",0.0982503813623714,1.25541085840059,2.91284965260747,"['PRR5', 'ROBO2', 'FCGBP', 'TNFAIP8', 'UBXN2B', 'TFRC', 'GMFG', 'F13A1', 'STON2', 'TCIRG1', 'KBTBD12', 'FCGR3A', 'SH3PXD2B', 'CASP4', 'ITGAX', 'PIM1', 'ERC2', 'DLGAP2', 'RBFOX1', 'ACOT7', 'DSCAM', 'IL15', 'PLEKHG5', 'NAV2', 'TNFRSF1B', 'PLSCR1', 'OAS1', 'GRAMD1A', 'NRN1', 'CD163L1', 'PXN', 'AIF1', 'SBNO2', 'HRH2', 'PRKY', 'TBC1D14', 'CTNNA3', 'S100A11', 'CD55', 'NLGN4Y', 'C17ORF67', 'PTPN1', 'CD163', 'KCNIP4', 'NAP1L2', 'IGF1', 'STXBP5L', 'BCL6', 'RNF149', 'TMEM39A', 'HAMP', 'LGMN']",0.52575629730559,0,0,52,"ETS1",0.52575629730559,NA,NA,NA,NA,NA,NA,NA
"GTF2I (human)",0.0994157362177842,2.12366615853659,4.90236624034592,"['NLGN4Y', 'RBMS1', 'PLAT', 'TLR5', 'TYMP']",0.52575629730559,0,0,5,"GTF2I",0.52575629730559,0.406845518798875,0.344434432086453,NA,NA,NA,0.785274266865591,0.9216097309431
"TFAP2A (mouse)",0.105555333258943,1.4256331888669,3.20556470603067,"['CX3CR1', 'GRAMD1A', 'CD83', 'FRMPD4', 'GMFG', 'LIMK2', 'TNFSF13', 'MAMDC2', 'TCIRG1', 'LTC4S', 'TMEM163', 'TYMP', 'SBNO2', 'PIM1', 'RBMS1', 'PFN1', 'TRPM3', 'DLEU7']",0.547692766909611,0,0,18,"TFAP2A",0.547692766909611,NA,NA,NA,NA,NA,NA,NA
"ZNF281 (human)",0.116044932553612,1.43415854807192,3.08885886155765,"['PRR5', 'ROBO2', 'TSHZ3', 'CEBPD', 'KCNIP4', 'TYMP', 'BCL6', 'DPYD', 'STAB1', 'CHST15', 'PIM1', 'SUSD3', 'ENPP1', 'FAM20A', 'S100A11', 'HSPA1A']",0.590622308670756,0,0,16,"ZNF281",0.590622308670756,NA,NA,NA,NA,NA,NA,NA
"HNF4A (human)",0.11883126811193,1.30996574275927,2.79029345662695,"['ROBO2', 'SIGLEC9', 'CD163L1', 'GMFG', 'PXN', 'DENND3', 'AIF1', 'FCGR3A', 'PSTPIP2', 'CASP1', 'PIM1', 'ENPP1', 'CTNNA3', 'A2M', 'ERC2', 'PLTP', 'MAP2K6', 'NLGN4Y', 'XBP1', 'ACOT7', 'PLEKHG5', 'NAV2', 'RNF144B', 'BCL6', 'SLC25A19', 'CD69', 'FKBP5', 'LGMN']",0.590622308670756,0,0,28,"HNF4A",0.590622308670756,NA,NA,NA,NA,NA,NA,NA
"PGR (human)",0.120272179220227,1.3830186493687,2.92923065646277,"['P2RY12', 'PRR5', 'NLGN4Y', 'PID1', 'CNTN5', 'KCNIP4', 'TBC1D8', 'TMTC2', 'NAV2', 'TCIRG1', 'SYN3', 'PGS1', 'MS4A6A', 'DBP', 'BCL6', 'SUSD3', 'LCP1', 'CD69', 'CD55']",0.590622308670756,0,0,19,"PGR",0.590622308670756,NA,NA,NA,NA,NA,NA,NA
"RXRA (mouse)",0.123939645910049,1.83383852300909,3.82898250651525,"['CD163', 'GOLGA4', 'PID1', 'MVP', 'CHST15', 'PDE4B']",0.594748241538905,0,0,6,"RXRA",0.594748241538905,0.139761153277898,0.721367296732927,NA,NA,NA,0.749963235226969,0.907141144164529
"POU1F1 (human)",0.127327145793978,1.38240771168803,2.84913614686526,"['P2RY12', 'CD163L1', 'GPR65', 'KCNIP4', 'CBWD3', 'NAP1L2', 'IGF1', 'C1ORF162', 'NAALADL2', 'KBTBD12', 'RALYL', 'CLEC2B', 'CASP4', 'CDH12', 'SPP1', 'CTNNA3', 'CD69', 'A2M']",0.594748241538905,0,0,18,"POU1F1",0.594748241538905,NA,NA,NA,NA,NA,NA,NA
"CBEPA (mouse)",0.130940364241268,1.40378335928135,2.85391023163965,"['LINGO2', 'MOAP1', 'CNTN5', 'CEBPD', 'MVP', 'RAB27A', 'IGF1', 'RNF144B', 'ITGAX', 'PDE4B', 'CDH12', 'SPP1', 'TBC1D14', 'VSIG4', 'GBP2', 'DLEU7']",0.594748241538905,0,0,16,"CBEPA",0.594748241538905,NA,NA,NA,NA,NA,NA,NA
"UBTF (human)",0.134958506012802,1.34665976624833,2.69707389961099,"['PRR5', 'MOAP1', 'PTPN1', 'RBFOX1', 'ACOT7', 'SIGLEC9', 'CD163L1', 'CNTN5', 'PLAT', 'NAV2', 'TNFRSF1B', 'MED12L', 'RNF144B', 'RALYL', 'CXCL12', 'PSTPIP2', 'TBC1D14', 'SUSD3', 'VSIG4', 'CNTNAP5']",0.594748241538905,0,0,20,"UBTF",0.594748241538905,0.500297457877718,0.18860967646204,NA,NA,NA,0.948617574204294,1
"NR2C2 (human)",0.136811649009242,3.2957264957265,6.55569476712609,"['TBC1D14', 'MAP3K8']",0.594748241538905,0,0,2,"NR2C2",0.594748241538905,0.00437029074548983,0.550408308992267,0.650173847613993,0.660382686567801,-0.979643325167208,0.801307705087362,1
"POU2F2 (mouse)",0.138644701082628,1.37519795657727,2.71717212835435,"['SNAP25', 'TNFAIP8', 'RNF44', 'CNTN5', 'GPR65', 'NAP1L2', 'LY96', 'IGF1', 'STON2', 'RALYL', 'CDH12', 'SPP1', 'CTNNA3', 'GBP2', 'JAK3', 'PTPN2', 'HIST1H2AC']",0.594748241538905,0,0,17,"POU2F2",0.594748241538905,0.000467163151566632,0.022474514952967,0.838615594695157,0.84605484600195,-0.0467969390593974,0.907721297885534,1
"RUNX1 (human)",0.139229286525161,1.22919538561997,2.42352238426009,"['CX3CR1', 'PRR5', 'FCGBP', 'NLRC5', 'TCIRG1', 'LTC4S', 'PRDM11', 'PGS1', 'PLAC8', 'FCGR3A', 'SBNO2', 'DBP', 'PSMD5', 'STAB1', 'FAM110B', 'CASP1', 'PDE4B', 'TMEM108', 'SUSD3', 'VSIG4', 'GBP2', 'IKBKE', 'DLEU7', 'NLGN4Y', 'P2RY13', 'RNF44', 'RBFOX1', 'ACOT7', 'DSCAM', 'HSPA5', 'CNTN5', 'LIMK2', 'RAB27A', 'TNFRSF1B', 'STXBP5L', 'RALYL', 'CLEC2B', 'BCL6', 'CDH12', 'RBMS1', 'FKBP5', 'LGMN', 'HSPA1A']",0.594748241538905,0,0,43,"RUNX1",0.594748241538905,1.7180735455654e-06,2.99109818884973e-06,0.765012832344032,0.775665647232366,0.287093427220659,0.771767096230565,0.906271658729581
"FOXJ1 (human)",0.140197424396177,1.33835053977851,2.62946222457864,"['FCER1G', 'GMFG', 'PLEKHG5', 'SLC11A1', 'LIMK2', 'SYN3', 'IKZF2', 'PGS1', 'PLAC8', 'MS4A6A', 'RALYL', 'SBNO2', 'SLC25A19', 'ADAMTS17', 'SPP1', 'BAX', 'CTNNA3', 'DLEU7', 'S100A11', 'HSPA1B']",0.594748241538905,0,0,20,"FOXJ1",0.594748241538905,NA,NA,NA,NA,NA,NA,NA
"MIB2 (human)",0.140576857091014,1.37182721712538,2.6915262541429,"['PID1', 'CD93', 'FRMPD4', 'GMFG', 'PLEKHG5', 'DENND3', 'NAV2', 'MED12L', 'TYMP', 'MLLT11', 'PSMD5', 'PSTPIP2', 'SH3PXD2B', 'DSE', 'STAB1', 'PFN1', 'CNTNAP5']",0.594748241538905,0,0,17,"MIB2",0.594748241538905,0.533482652425859,0.384307847075226,NA,NA,NA,0.749000259254398,0.907141144164529
"YY1 (mouse)",0.142936391241855,1.30864197530864,2.54577394817696,"['CX3CR1', 'ROBO2', 'XBP1', 'ACOT7', 'CEBPD', 'LIMK2', 'UBE2QL1', 'DENND3', 'NAV2', 'AIF1', 'IGF2R', 'MED12L', 'PGS1', 'ZFP36', 'PER3', 'CXCL12', 'PSMD5', 'KIF26B', 'APOC1', 'TBC1D14', 'CTNNA3', 'PFN1', 'FKBP5']",0.595568296841062,0,0,23,"YY1",0.595568296841062,0.0163808451752743,0.202027356229707,NA,NA,NA,0.348522330692457,0.640267061314599
"SRF (human)",0.154509171323418,1.22396483330362,2.28575655759198,"['TNFAIP8', 'GPR65', 'C5AR1', 'TMEM163', 'PLAC8', 'SBNO2', 'DBP', 'SH3PXD2B', 'DSE', 'FAM110B', 'PDE4B', 'VSIG4', 'GBP2', 'DLGAP2', 'HIST1H2AC', 'MAP2K6', 'NLGN4Y', 'P2RY13', 'RNF44', 'ACOT7', 'FCER1G', 'HSPA5', 'CNTN5', 'ACSL1', 'USP9Y', 'MAMDC2', 'RAB27A', 'STXBP5L', 'C1ORF216', 'RALYL', 'PLCXD3', 'CLEC2B', 'APOC1', 'NEK10', 'CD69', 'CNTNAP5', 'FKBP5', 'LGMN', 'HSPA1A']",0.631765017659962,0,0,39,"SRF",0.631765017659962,NA,NA,NA,NA,NA,NA,NA
"SRY (human)",0.156218258912282,1.62571929824561,3.01814975321347,"['FCGR3A', 'TFRC', 'ACSL1', 'MAMDC2', 'PIM1', 'NAP1L2', 'TMEM39A']",0.631765017659962,0,0,7,"SRY",0.631765017659962,NA,NA,NA,NA,NA,NA,NA
"FOXF2 (human)",0.16155971395164,1.3264467165595,2.41795379929286,"['PRR5', 'C17ORF67', 'UBXN2B', 'GMFG', 'PLEKHG5', 'SLC11A1', 'PXN', 'C5AR1', 'AIF1', 'PGS1', 'C1ORF216', 'SBNO2', 'SNRPG', 'BAX', 'JAK3', 'IKBKE', 'PLTP', 'S100A11']",0.643897410676825,0,0,18,"FOXF2",0.643897410676825,NA,NA,NA,NA,NA,NA,NA
"Esrrb (mouse)",0.166581685112514,2.88247863247863,5.16617850450622,"['TMEM108', 'NLRC5']",0.654428048656303,0,0,2,"Esrrb",0.654428048656303,NA,NA,NA,NA,NA,NA,0.777055902307035
"FEV (human)",0.174274227573741,2.1652706185567,3.78299886216637,"['PRKY', 'CASP4', 'JAK3']",0.675005811025052,0,0,3,"FEV",0.675005811025052,NA,NA,NA,NA,NA,NA,NA
"NR5A1 (mouse)",0.183075171264964,1.40187190958324,2.3801800514447,"['LINGO2', 'KBTBD12', 'RNF44', 'XBP1', 'ACOT7', 'GPR65', 'GMFG', 'SLC11A1', 'APOC1', 'CDH12', 'ENPP1']",0.678972076329897,0,0,11,"NR5A1",0.678972076329897,NA,NA,NA,NA,NA,NA,NA
"NR5A2 (human)",0.183149588456299,1.19567371821313,2.02959878831799,"['CX3CR1', 'FCGBP', 'TFRC', 'PXN', 'NLRC5', 'F13A1', 'DENND3', 'PRDM11', 'PLAC8', 'FCGR3A', 'GOLGA4', 'HRH2', 'STAB1', 'CHST15', 'PDE4B', 'PIM1', 'TBC1D14', 'FLVCR2', 'ERC2', 'RNF175', 'IKBKE', 'PLTP', 'TRPM3', 'DLEU7', 'RBFOX1', 'ACOT7', 'FCER1G', 'HSPA5', 'IL15', 'ACSL1', 'PLEKHG5', 'C1ORF162', 'RNF144B', 'PLSCR1', 'BCL6', 'NEK10', 'LCP1', 'ASTN2', 'MGLL', 'HSPA1B']",0.678972076329897,0,0,40,"NR5A2",0.678972076329897,NA,NA,NA,NA,NA,NA,NA
"MYC (human)",0.1865367803261,1.31292455393533,2.20456686501956,"['PRR5', 'ACOT7', 'TNFSF13', 'IGF2R', 'PER3', 'RNF149', 'HRH2', 'KIF26B', 'SH3PXD2B', 'STAB1', 'APOC1', 'BAX', 'HAMP', 'MGLL', 'CD55', 'FKBP5']",0.678972076329897,0,0,16,"MYC",0.678972076329897,NA,NA,NA,NA,NA,NA,NA
"REL (human)",0.187029561422982,1.60426902939992,2.68953872652118,"['FCGBP', 'CNTN5', 'CASP4', 'PDE4B', 'RAB27A', 'TRPM3']",0.678972076329897,0,0,6,"REL",0.678972076329897,0.0148571458175898,0.0211334172386475,0.962420208341553,0.96222969951034,0.200013583040291,0.913930175613329,1
"RELA (mouse)",0.187643192003899,1.26604163418057,2.11835736433762,"['SNAP25', 'MOAP1', 'RNF44', 'GRAMD1A', 'NRN1', 'GMFG', 'MVP', 'EAF2', 'LTC4S', 'IGF2R', 'TYMP', 'PER3', 'PSTPIP2', 'STAB1', 'SNRPG', 'TBC1D14', 'CTNNA3', 'TMEM39A', 'PFN1', 'DLGAP2', 'HIST1H2AC']",0.678972076329897,0,0,21,"RELA",0.678972076329897,NA,NA,NA,NA,NA,NA,NA
"JDP2 (human)",0.190975111653892,1.27742261827888,2.11491642654476,"['RNF44', 'RBFOX1', 'ACOT7', 'CD163L1', 'CNTN5', 'LIMK2', 'MAMDC2', 'LY96', 'UFSP2', 'NAV2', 'BZW2', 'NAALADL2', 'RNF144B', 'BCL6', 'HRH2', 'PDE4B', 'RBMS1', 'CD69', 'DLGAP2']",0.679576297774457,0,0,19,"JDP2",0.679576297774457,0.00856062213318433,0.800874349895784,0.603768441314799,0.609982259976034,-1.11527250478786,0.679343942147235,0.930362316256601
"FOXA2 (mouse)",0.195640414522315,1.31229395604396,2.14097730746199,"['P2RY13', 'TNFAIP8', 'NOTCH1', 'NLRC5', 'LY96', 'SAP30', 'PLAC8', 'RNF144B', 'RALYL', 'CXCL12', 'PSTPIP2', 'CASP4', 'CTNNA3', 'TMEM39A', 'DLEU7']",0.679576297774457,0,0,15,"FOXA2",0.679576297774457,NA,NA,NA,NA,NA,NA,NA
"HNF1B (human)",0.207734549780811,2.46923076923077,3.88038187502099,"['SPP1', 'CD69']",0.679576297774457,0,0,2,"HNF1B",0.679576297774457,NA,NA,NA,NA,NA,NA,NA
"FOXF1 (mouse)",0.210396821312225,1.95954094534137,3.05445385988954,"['KBTBD12', 'GMFG', 'DPYD']",0.679576297774457,0,0,3,"FOXF1",0.679576297774457,NA,NA,NA,NA,NA,NA,NA
"SREBF2 (human)",0.213145052601227,1.27773152703146,1.97509483858695,"['CX3CR1', 'P2RY12', 'FCGBP', 'GRAMD1A', 'PXN', 'NAV2', 'LTC4S', 'AIF1', 'PLAC8', 'BCL6', 'FAM110B', 'FLVCR2', 'ASTN2', 'PLTP', 'CNTNAP5', 'CD55']",0.679576297774457,0,0,16,"SREBF2",0.679576297774457,0.00135783260296898,0.01431853559642,0.990708372879183,0.990203950136462,0.0392131077958202,0.653022991998906,0.636816781010561
"FOXD1 (human)",0.21781437284051,1.9229667812142,2.93081690002834,"['P2RY12', 'MAMDC2', 'RAB27A']",0.679576297774457,0,0,3,"FOXD1",0.679576297774457,NA,NA,NA,NA,NA,NA,NA
"MAX (human)",0.217939865036374,1.21632510071816,1.85311520356827,"['RBFOX1', 'NRN1', 'ACOT7', 'CD83', 'GMFG', 'TNFSF13', 'IKZF2', 'IGF2R', 'TYMP', 'PGS1', 'PER3', 'RNF149', 'HRH2', 'SLC25A19', 'KIF26B', 'SH3PXD2B', 'STAB1', 'APOC1', 'BAX', 'PFN1', 'HAMP', 'MGLL', 'CD55', 'FKBP5']",0.679576297774457,0,0,24,"MAX",0.679576297774457,0.590334675858599,0.0139642677688068,0.4156040906622,0.413288937212128,1.44484397191498,0.998674089525648,1
"USF1 (mouse)",0.220533896814463,1.32021485207605,1.99577389961021,"['SNAP25', 'MOAP1', 'PTPN1', 'CD163L1', 'KCNIP4', 'C5AR1', 'SPP1', 'NAP1L2', 'CTNNA3', 'IGF1', 'CD55', 'HSPA1A']",0.679576297774457,0,0,12,"USF1",0.679576297774457,NA,NA,NA,NA,NA,NA,NA
"SPI1 (human)",0.223068485621822,1.2335879684889,1.85072297104522,"['P2RY12', 'NLGN4Y', 'C17ORF67', 'RBFOX1', 'NRN1', 'GPR65', 'PXN', 'NLRC5', 'SPATA6', 'PLAC8', 'C1ORF216', 'FCGR3A', 'RNF149', 'HRH2', 'PDE4B', 'SPP1', 'RBMS1', 'A2M', 'RNF175', 'JAK3']",0.679576297774457,0,0,20,"SPI1",0.679576297774457,0.113612884367349,0.569181732892748,NA,NA,NA,0.984215435344917,1
"CACYBP (mouse)",0.223640433561437,1.24732562641739,1.86813920384271,"['FCGBP', 'NRN1', 'GMFG', 'MVP', 'TNFSF13', 'KCNIP4', 'F13A1', 'TCIRG1', 'BST2', 'GOLGA4', 'PLCXD3', 'HRH2', 'APOC1', 'TBC1D14', 'ERC2', 'PLTP', 'MGLL', 'MAP2K6']",0.679576297774457,0,0,18,"CACYBP",0.679576297774457,0.186987581049179,0.0819310891316597,0.591876010722225,0.59812461507954,0.232658412023011,0.934556671919112,1
"MZF1 (human)",0.223862857909765,1.27496591000241,1.90826908828692,"['CX3CR1', 'FCGBP', 'GRAMD1A', 'ACOT7', 'SIGLEC9', 'HSPA5', 'PLEKHG5', 'F13A1', 'NAV2', 'PLAC8', 'RALYL', 'CYSLTR1', 'STAB1', 'TBC1D14', 'IKBKE']",0.679576297774457,0,0,15,"MZF1",0.679576297774457,0.750159140268479,0.276362816348984,NA,NA,NA,0.558183122734439,0.708364837967364
"POU2F2 (human)",0.224466252570559,1.17877529839128,1.76112554792646,"['TNFAIP8', 'CD163L1', 'TFRC', 'CBWD3', 'DENND3', 'PLAC8', 'KBTBD12', 'DSE', 'SPP1', 'TBC1D14', 'SUSD3', 'ENPP1', 'CTNNA3', 'DLGAP2', 'HIST1H2AC', 'P2RY12', 'LINGO2', 'NLGN4Y', 'MOAP1', 'CD163', 'IL15', 'LIMK2', 'USP9Y', 'TNFSF13', 'KCNIP4', 'IGF1', 'NAALADL2', 'RNF144B', 'RALYL', 'NEK10', 'CD69', 'PTPN2', 'FKBP5']",0.679576297774457,0,0,33,"POU2F2",0.679576297774457,0.000467163151566632,0.022474514952967,0.838615594695157,0.84605484600195,-0.0467969390593974,0.907721297885534,1
"MIR133B (human)",0.224816381954428,1.2542780121894,1.87197392306535,"['FCGBP', 'GRAMD1A', 'RBFOX1', 'ACOT7', 'CEBPD', 'IL15', 'GMFG', 'PLEKHG5', 'LIMK2', 'TYMP', 'MLLT11', 'PGS1', 'PLAC8', 'PLSCR1', 'GOLGA4', 'SBNO2', 'PTPN2']",0.679576297774457,0,0,17,"MIR133B",0.679576297774457,NA,NA,NA,NA,NA,NA,NA
"XBP1 (human)",0.227780290775774,1.37339025755879,2.03175749769805,"['XBP1', 'IL4R', 'HSPA5', 'DSE', 'FAM110B', 'TBC1D14', 'IKZF2', 'DLGAP2', 'SAP30']",0.679576297774457,0,0,9,"XBP1",0.679576297774457,0.00120155024431808,0.0309870589130357,0.620177196476327,0.625935145905986,-0.396973428232469,0.693012885840123,0.914409040244026
"POU2F1 (human)",0.230870965813667,1.23936567984868,1.81678158188846,"['P2RY12', 'LINGO2', 'NLGN4Y', 'IL4R', 'IL15', 'KCNIP4', 'CBWD3', 'NAALADL2', 'KBTBD12', 'RNF144B', 'DSE', 'CASP4', 'ENPP1', 'CTNNA3', 'LAP3', 'DLGAP2', 'PTPN2', 'HIST1H2AC']",0.679576297774457,0,0,18,"POU2F1",0.679576297774457,0.0315749564204884,0.77982801279294,NA,NA,NA,0.979638759644307,1
"EIF4EBP1 (human)",0.231549020993515,1.66951744803046,2.44244337977947,"['UBXN2B', 'ITGAX', 'IKZF2', 'CD55']",0.679576297774457,0,0,4,"EIF4EBP1",0.679576297774457,NA,NA,NA,NA,NA,NA,NA
"CBFB (human)",0.231832468014237,1.32126436781609,1.93134535859106,"['PRR5', 'GRAMD1A', 'SBNO2', 'XBP1', 'CD163L1', 'DSE', 'CHST15', 'PDE4B', 'TMEM108', 'NAP1L2', 'PLAT']",0.679576297774457,0,0,11,"CBFB",0.679576297774457,0.644339624246335,0.256752940044717,NA,NA,NA,0.911566220402704,0.897353591087467
"CEBPB (human)",0.232291534511996,1.24579548101561,1.81856500501249,"['PRR5', 'FCGBP', 'TNFAIP8', 'GRAMD1A', 'SIGLEC9', 'PLEKHG5', 'LIMK2', 'DENND3', 'LTC4S', 'MLLT11', 'PGS1', 'PLCXD3', 'DPYD', 'ITGAX', 'ENPP1', 'ERC2', 'DLEU7']",0.679576297774457,0,0,17,"CEBPB",0.679576297774457,0.000101389283413274,0.0257373409407653,0.933761647829446,0.935376156654191,-0.082106890596694,0.992107814030425,0.987983127794195
"CREB1 (mouse)",0.244532320279025,1.27273143624817,1.79252486878294,"['CX3CR1', 'FCGBP', 'NOTCH1', 'CEBPD', 'LIMK2', 'DENND3', 'UFSP2', 'RNF144B', 'PLSCR1', 'CXCL12', 'CHST15', 'HAMP', 'MGLL']",0.707856716597178,0,0,13,"CREB1",0.707856716597178,0.421053696400565,0.0567551792830858,NA,NA,NA,0.931824274771687,1
"CRTC1 (human)",0.255263453948054,1.2479141335793,1.70397572771092,"['P2RY12', 'LINGO2', 'LIMK2', 'EAF2', 'IGF1', 'STXBP5L', 'PLAC8', 'RNF144B', 'CASP1', 'NEK10', 'SPP1', 'TMEM39A', 'HAMP', 'TRPM3']",0.725252913640422,0,0,14,"CRTC1",0.725252913640422,0.729493996360507,0.459613640466418,NA,NA,NA,0.868366021789343,1
"MEF2A (human)",0.255816482265894,1.15297194005833,1.57184083227743,"['CD163L1', 'TFRC', 'GPR65', 'CBWD3', 'PLAT', 'PRDM11', 'IKZF2', 'HIF1A', 'PLAC8', 'HRH2', 'FAM110B', 'TBC1D14', 'ENPP1', 'CTNNA3', 'A2M', 'GBP2', 'PLTP', 'PTPN1', 'RBFOX1', 'KCNIP4', 'TBC1D8', 'EAF2', 'NAV2', 'SYN3', 'TNFRSF1B', 'STXBP5L', 'RNF144B', 'FCGR2A', 'CLEC2B', 'SLC25A19', 'RBMS1', 'BAX', 'LAP3', 'LGMN']",0.725252913640422,0,0,34,"MEF2A",0.725252913640422,0.06541369124686,0.185875047569481,NA,NA,NA,0.845723552180759,0.978140588001681
"MTF1 (human)",0.270757587709675,1.19277948427775,1.5584038121649,"['RBFOX1', 'NRN1', 'PXN', 'C5AR1', 'CBWD3', 'UBE2QL1', 'PGS1', 'RALYL', 'PER3', 'DBP', 'KIF26B', 'SNRPG', 'FLVCR2', 'MAP3K8', 'LAP3', 'ASTN2', 'PFN1', 'HAMP', 'MGLL']",0.73592198532192,0,0,19,"MTF1",0.73592198532192,NA,NA,NA,NA,NA,NA,NA
"SOX2 (human)",0.270791251446166,3.4484693877551,4.50510470192199,"['ACSL1']",0.73592198532192,0,0,1,"SOX2",0.73592198532192,NA,NA,NA,NA,NA,NA,NA
"SMAD4 (human)",0.278898237603532,1.1910572122163,1.520870844183,"['PRR5', 'RBFOX1', 'PXN', 'LY96', 'UBE2QL1', 'DENND3', 'C1ORF162', 'PYGL', 'STXBP5L', 'KBTBD12', 'ZFP36', 'STAB1', 'PIM1', 'TBC1D14', 'BAX', 'VSIG4', 'CD69', 'MGLL']",0.73592198532192,0,0,18,"SMAD4",0.73592198532192,0.697580503134212,0.729732435244116,NA,NA,NA,0.891667321571463,0.995397726935177
"SREBF1 (human)",0.279831850521312,1.14496497201675,1.45818890615426,"['PRR5', 'NRN1', 'CEBPD', 'UFSP2', 'AIF1', 'FCGR3A', 'HRH2', 'SH3PXD2B', 'STAB1', 'FAM110B', 'ENPP1', 'MAP3K8', 'VSIG4', 'P2RY12', 'NLGN4Y', 'C17ORF67', 'RBFOX1', 'DSCAM', 'CD93', 'ACSL1', 'PLEKHG5', 'LIMK2', 'NAV2', 'MLLT11', 'RNF144B', 'PER3', 'OAS1', 'APOC1', 'HAMP', 'FKBP5']",0.73592198532192,0,0,30,"SREBF1",0.73592198532192,0.876642357604818,0.489658262358932,NA,NA,NA,0.940656087241496,0.985501378612174
"MYOG (mouse)",0.28216785392636,1.20898199023199,1.52966828162837,"['TNFAIP8', 'ACOT7', 'DSCAM', 'TNFSF13', 'KCNIP4', 'EAF2', 'RAB27A', 'IGF1', 'SYN3', 'RALYL', 'SBNO2', 'KIF26B', 'FAM20A', 'DLEU7', 'PTPN2']",0.73592198532192,0,0,15,"MYOG",0.73592198532192,NA,NA,NA,NA,NA,NA,NA
"RUNX2 (human)",0.284993813596047,1.19840788926513,1.50434680956485,"['CX3CR1', 'RNF44', 'ACSL1', 'SLC11A1', 'RAB27A', 'UBE2QL1', 'NAV2', 'PRDM11', 'DBP', 'BCL6', 'SPP1', 'SUSD3', 'ENPP1', 'TMEM39A', 'CD69', 'MGLL']",0.73592198532192,0,0,16,"RUNX2",0.73592198532192,0.00131371137880625,0.000285232966972144,0.63347931566969,0.642297267915138,0.429188713480357,0.637844263795209,0.852782611660496
"CBEPB (mouse)",0.285076882346839,1.15830485740747,1.45366839426352,"['P2RY12', 'LINGO2', 'MOAP1', 'CD163', 'XBP1', 'GPR65', 'USP9Y', 'C5AR1', 'EAF2', 'NAP1L2', 'UBE2QL1', 'IGF1', 'NAV2', 'RALYL', 'CYSLTR1', 'STAB1', 'CDH12', 'TBC1D14', 'VSIG4', 'PFN1', 'JAK3', 'HAMP', 'S100A11', 'MAP2K6']",0.73592198532192,0,0,24,"CBEPB",0.73592198532192,NA,NA,NA,NA,NA,NA,NA
"STAT1 (human)",0.285136941663325,1.17464665487264,1.47392984511586,"['NLGN4Y', 'RBFOX1', 'SIGLEC9', 'CNTN5', 'LIMK2', 'KCNIP4', 'NAV2', 'AIF1', 'NAALADL2', 'STXBP5L', 'C1ORF216', 'DBP', 'BCL6', 'DSE', 'CHST15', 'PDE4B', 'CDH12', 'LAP3', 'HSPA1B', 'FKBP5']",0.73592198532192,0,0,20,"STAT1",0.73592198532192,0.619095866789856,0.100824886494154,NA,NA,NA,0.785274266865591,0.750048865982797
"AHR (human)",0.290133159080478,1.18670674682699,1.4684490758148,"['C17ORF67', 'TNFAIP8', 'NRN1', 'SIGLEC9', 'DENND3', 'PYGL', 'TCIRG1', 'SYN3', 'IKZF2', 'NAALADL2', 'IGF2R', 'SAP30', 'RALYL', 'SBNO2', 'FAM110B', 'FAM20A', 'PLXNC1']",0.73592198532192,0,0,17,"AHR",0.73592198532192,NA,NA,NA,NA,NA,NA,NA
"FOXO3 (human)",0.292096136640791,1.91823361823362,2.36071697088722,"['P2RY12', 'MAMDC2']",0.73592198532192,0,0,2,"FOXO3",0.73592198532192,0.00753809835551461,0.993673578595807,0.582832468124217,0.587810260791916,-2.69352882997252,0.912130424246269,1
"NFATC3 (mouse)",0.292874795653775,1.18414444444444,1.45414131381106,"['LINGO2', 'NRN1', 'CEBPD', 'IL15', 'GPR65', 'LIMK2', 'EAF2', 'IGF1', 'SAP30', 'TYMP', 'CASP4', 'STAB1', 'RBMS1', 'BAX', 'CD69', 'ASTN2', 'GBP2']",0.73592198532192,0,0,17,"NFATC3",0.73592198532192,0.00574131169356228,0.364692903683268,NA,NA,NA,0.945828923338707,1
"Sox17 (mouse)",0.295553139488641,1.40709688346883,1.71511971924102,"['PSMD5', 'PSTPIP2', 'LIMK2', 'APOC1', 'DLEU7']",0.73592198532192,0,0,5,"Sox17",0.73592198532192,NA,NA,NA,NA,NA,NA,NA
"CREB1 (human)",0.296355242237338,1.13138686131387,1.3759886295021,"['PRR5', 'SNAP25', 'GRAMD1A', 'UBXN2B', 'TFRC', 'GMFG', 'PLAT', 'UFSP2', 'PRDM11', 'BZW2', 'AIF1', 'PGS1', 'GOLGA4', 'HRH2', 'CASP1', 'TBC1D14', 'SUSD3', 'IKBKE', 'DLGAP2', 'P2RY12', 'MOAP1', 'C17ORF67', 'CD163', 'RNF44', 'IL15', 'LIMK2', 'IGF1', 'NAV2', 'SLC25A19', 'TMEM39A', 'MGLL']",0.73592198532192,0,0,31,"CREB1",0.73592198532192,0.421053696400565,0.0567551792830858,NA,NA,NA,0.931824274771687,1
"PITX2 (human)",0.29879361985759,1.11413927919346,1.34588267642148,"['PRR5', 'TNFAIP8', 'GMFG', 'PXN', 'C5AR1', 'LY96', 'UFSP2', 'PYGL', 'BZW2', 'PGS1', 'PLAC8', 'FCGR3A', 'SBNO2', 'FAM110B', 'TBC1D14', 'MAP3K8', 'ERC2', 'PLTP', 'TRPM3', 'MAP2K6', 'P2RY13', 'PTPN1', 'RBFOX1', 'PLEKHG5', 'SLC11A1', 'TNFSF13', 'RAB27A', 'IGF1', 'NAV2', 'C1ORF216', 'PLSCR1', 'RALYL', 'OAS1', 'BCL6', 'RNF149', 'NEK10', 'BAX', 'LAP3', 'CD69', 'PFN1', 'FKBP5']",0.73592198532192,0,0,41,"PITX2",0.73592198532192,NA,NA,NA,NA,NA,NA,NA
"SAMD9L (human)",0.299720954022018,1.1912915851272,1.43539126993058,"['PRR5', 'SIGLEC9', 'CD93', 'PLEKHG5', 'SLC11A1', 'NAV2', 'PRDM11', 'IGF2R', 'OAS1', 'NEK10', 'TMEM39A', 'PLXNC1', 'TLR5', 'HAMP', 'CNTNAP5']",0.73592198532192,0,0,15,"SAMD9L",0.73592198532192,0.361427007764641,0.310701275504729,NA,NA,NA,0.749963235226969,0.356569251224789
"IRF2 (mouse)",0.308621732130985,1.18262689691261,1.39034220767288,"['P2RY12', 'LINGO2', 'TNFAIP8', 'NRN1', 'UBXN2B', 'PXN', 'PYGL', 'TMEM163', 'RALYL', 'PDE4B', 'RBMS1', 'VSIG4', 'GBP2', 'TRPM3', 'MAP2K6']",0.738513989242307,0,0,15,"IRF2",0.738513989242307,0.0157043412879955,0.00472482810416803,0.873728141629645,0.879782196651245,0.328013764213724,0.859180755043592,0.988281199014191
"PRDM1 (mouse)",0.309836484784132,1.57052483598875,1.84020058077514,"['IL15', 'LIMK2', 'GBP2']",0.738513989242307,0,0,3,"PRDM1",0.738513989242307,0.510995706602378,0.370839924688628,NA,NA,NA,0.873066300526672,0.995397726935177
"CBX5 (human)",0.311518628189482,2.87287414965986,3.35062203424451,"['NAALADL2']",0.738513989242307,0,0,1,"CBX5",0.738513989242307,0.121962340075324,0.953267122367441,NA,NA,NA,0.971995185159295,1
"NFYB (human)",0.311518628189482,2.87287414965986,3.35062203424451,"['FCGR2A']",0.738513989242307,0,0,1,"NFYB",0.738513989242307,NA,NA,NA,NA,NA,NA,NA
"CPEB1 (human)",0.331025404838273,2.65149136577708,2.931383204728,"['RAB27A']",0.777314573241087,0,0,1,"CPEB1",0.777314573241087,NA,NA,NA,NA,NA,NA,NA
"HOXD9 (human)",0.33353861688163,1.13900619914762,1.2506249654584,"['P2RY12', 'ROBO2', 'TNFAIP8', 'XBP1', 'IL4R', 'KCNIP4', 'LY96', 'DENND3', 'SPATA6', 'NAALADL2', 'BCL6', 'PSTPIP2', 'DPYD', 'CASP4', 'FAM110B', 'TBC1D14', 'MAP3K8', 'TMEM39A', 'CD69']",0.777314573241087,0,0,19,"HOXD9",0.777314573241087,NA,NA,NA,NA,NA,NA,NA
"RELB (human)",0.337801600438586,1.14449827734711,1.24212001676787,"['PRR5', 'RBFOX1', 'XBP1', 'PID1', 'GMFG', 'MAMDC2', 'PXN', 'NLRC5', 'TCIRG1', 'PGS1', 'ZFP36', 'FCGR2A', 'CASP4', 'TBC1D14', 'FLVCR2', 'CD69', 'ASTN2']",0.780633950593371,0,0,17,"RELB",0.780633950593371,NA,NA,NA,NA,NA,NA,NA
"IKZF1 (mouse)",0.342294458876363,1.16512189641613,1.24910845172716,"['CHRM3', 'ACOT7', 'CNTN5', 'GMFG', 'TNFSF13', 'PXN', 'C5AR1', 'EAF2', 'TMTC2', 'LTC4S', 'PLCXD3', 'HRH2', 'CDH12']",0.784424801591665,0,0,13,"IKZF1",0.784424801591665,0.588730159467944,0.0436253167063951,0.652811258495272,0.663072197315139,1.13139906238984,0.812492769710658,0.897705996846706
"TFAP2A (human)",0.34667107473448,1.09514017526865,1.16016835043321,"['CX3CR1', 'ROBO2', 'GRAMD1A', 'NRN1', 'TSHZ3', 'FMN1', 'DENND3', 'TCIRG1', 'LTC4S', 'IKZF2', 'MED12L', 'TYMP', 'SBNO2', 'FAM110B', 'CHST15', 'CASP1', 'TBC1D14', 'IKBKE', 'CD55', 'RNF44', 'DSCAM', 'PLEKHG5', 'KCNIP4', 'TBC1D8', 'NEAT1', 'TNFRSF1B', 'PER3', 'CXCL12', 'BCL6', 'KIF26B', 'APOC1', 'FAM20A', 'PFN1', 'MGLL']",0.787888806214728,0,0,34,"TFAP2A",0.787888806214728,NA,NA,NA,NA,NA,NA,NA
"ZFHX3 (human)",0.358083665064202,1.12368875849041,1.1540155658057,"['P2RY12', 'XBP1', 'HSPA5', 'PXN', 'C5AR1', 'CBWD3', 'NAP1L2', 'RAB27A', 'LY96', 'PGS1', 'PLAC8', 'FCGR3A', 'SBNO2', 'OAS1', 'NEK10', 'LAP3', 'JAK3', 'IKBKE']",0.806651776082612,0,0,18,"ZFHX3",0.806651776082612,0.00739509413480017,0.110917335839476,NA,NA,NA,0.67615496709098,0.958766354355721
"ZBTB16 (human)",0.360793339847859,1.11789183012759,1.13963477073787,"['PRR5', 'RYR2', 'RBFOX1', 'CD163L1', 'GMFG', 'IGF1', 'NAV2', 'NAALADL2', 'PLAC8', 'RALYL', 'PSMD5', 'CDH12', 'NEK10', 'TBC1D14', 'CTNNA3', 'TMEM39A', 'FAM20A', 'A2M', 'CD55']",0.806651776082612,0,0,19,"ZBTB16",0.806651776082612,0.0014330001659093,0.0764315876171068,0.984555453127439,0.983926712472533,-0.107051095361451,0.305165107140182,0.714168733593071
"HNF1A (human)",0.37074506596596,1.10441632231405,1.09584672126449,"['CX3CR1', 'P2RY12', 'MOAP1', 'CHRM3', 'SIGLEC9', 'CD163L1', 'CNTN5', 'KCNIP4', 'NAV2', 'NAALADL2', 'SAP30', 'PLAC8', 'RALYL', 'PSMD5', 'TBC1D14', 'CTNNA3', 'A2M', 'PFN1', 'CNTNAP5', 'PTPN2', 'HIST1H2AC']",0.810950336644834,0,0,21,"HNF1A",0.810950336644834,NA,NA,NA,NA,NA,NA,NA
"NR3C1 (human)",0.372748004501876,1.12512487512488,1.11033249700222,"['CX3CR1', 'CD163', 'ACOT7', 'SIGLEC9', 'ACSL1', 'PLEKHG5', 'LIMK2', 'NLRC5', 'NAV2', 'PSMD5', 'ITGAX', 'PIM1', 'TLR5', 'IKBKE', 'FKBP5']",0.810950336644834,0,0,15,"NR3C1",0.810950336644834,0.00624220732288897,0.343660573217431,NA,NA,NA,0.911057157278762,0.970624946430401
"TEAD2 (human)",0.37792750388962,1.10846720978001,1.07859722239909,"['PRR5', 'NRN1', 'TSHZ3', 'PLEKHG5', 'KCNIP4', 'TBC1D8', 'NAV2', 'SYN3', 'TMEM163', 'TYMP', 'SBNO2', 'PER3', 'SH3PXD2B', 'FLVCR2', 'FAM20A', 'ASTN2', 'PFN1', 'HSPA1A']",0.810950336644834,0,0,18,"TEAD2",0.810950336644834,NA,NA,NA,NA,NA,NA,NA
"FOS (human)",0.378981080920504,1.11991995073892,1.08662360347259,"['PRR5', 'FCGBP', 'TNFAIP8', 'CD93', 'HSPA5', 'LIMK2', 'RAB27A', 'UFSP2', 'IGF1', 'PRDM11', 'FCGR3A', 'SLC25A19', 'DPYD', 'PIM1', 'DLEU7']",0.810950336644834,0,0,15,"FOS",0.810950336644834,0.697580503134212,0.886515930835537,NA,NA,NA,0.879292082746186,1
"TEAD4 (human)",0.380777960530003,1.10632354689172,1.06819837017143,"['PRR5', 'SNAP25', 'CD83', 'TSHZ3', 'ACSL1', 'PLEKHG5', 'TBC1D8', 'DENND3', 'PYGL', 'DBP', 'KIF26B', 'SH3PXD2B', 'PIM1', 'SUSD3', 'ENPP1', 'PFN1', 'PTPN2', 'HSPA1A']",0.810950336644834,0,0,18,"TEAD4",0.810950336644834,NA,NA,NA,NA,NA,NA,NA
"NR2F1 (human)",0.385548453833999,1.13151189336475,1.07843086342005,"['CX3CR1', 'LINGO2', 'CD163', 'DBP', 'LIMK2', 'KCNIP4', 'CBWD3', 'NAP1L2', 'PLAT', 'GBP2', 'TRPM3', 'HSPA1A']",0.810950336644834,0,0,12,"NR2F1",0.810950336644834,0.803255478311251,0.00333131088822689,0.377222982859643,0.366288665784594,1.80775140271752,0.984357652027108,1
"RUNX1 (mouse)",0.386307251274448,2.15338010204082,2.04812770275736,"['RNF149']",0.810950336644834,0,0,1,"RUNX1",0.810950336644834,1.7180735455654e-06,2.99109818884973e-06,0.765012832344032,0.775665647232366,0.287093427220659,0.771767096230565,0.906271658729581
"NFIL3 (human)",0.386307251274448,2.15338010204082,2.04812770275736,"['CX3CR1']",0.810950336644834,0,0,1,"NFIL3",0.810950336644834,NA,NA,NA,NA,NA,NA,NA
"NFYA (human)",0.402302270665776,1.07080367685914,0.975021953954818,"['CX3CR1', 'TNFAIP8', 'CD163L1', 'PYGL', 'PLAC8', 'SBNO2', 'DBP', 'CASP4', 'FAM110B', 'PDE4B', 'SUSD3', 'VSIG4', 'GBP2', 'HIST1H2AC', 'NLGN4Y', 'P2RY13', 'RNF44', 'ACOT7', 'HSPA5', 'CNTN5', 'KCNIP4', 'STXBP5L', 'FCGR2A', 'CLEC2B', 'CDH12', 'HSPA1B', 'FKBP5', 'LGMN']",0.82148933532786,0,0,28,"NFYA",0.82148933532786,0.16950897729035,0.294334504099772,NA,NA,NA,0.840346285141605,1
"NFIA (human)",0.402492912680158,1.1101986044015,1.01036709293944,"['CX3CR1', 'ACOT7', 'FCER1G', 'PLEKHG5', 'LIMK2', 'LTC4S', 'HRH2', 'SUSD3', 'TLR5', 'IKBKE', 'HAMP', 'DLEU7', 'FKBP5']",0.82148933532786,0,0,13,"NFIA",0.82148933532786,0.189572954330631,0.455343207249935,NA,NA,NA,0.831574904050392,0.995397726935177
"MIR210 (human)",0.403705043069848,2.02641056422569,1.83809776869746,"['NRN1']",0.82148933532786,0,0,1,"MIR210",0.82148933532786,NA,NA,NA,NA,NA,NA,NA
"ARID3A (mouse)",0.406068525979867,1.09414102592099,0.986076382623893,"['CHRM3', 'CNTN5', 'GMFG', 'LIMK2', 'MAMDC2', 'EAF2', 'TCIRG1', 'BST2', 'PGS1', 'CYSLTR1', 'SBNO2', 'PSMD5', 'PDE4B', 'PIM1', 'SUSD3', 'MAP2K6']",0.82148933532786,0,0,16,"ARID3A",0.82148933532786,0.0233723713878305,0.821236403026398,0.461053930554098,0.455851219470271,-1.50811474694636,0.794178200616047,0.884141951810587
"BCL6 (human)",0.407856330378966,1.0894341563786,0.977048453474202,"['CX3CR1', 'ROBO2', 'UBXN2B', 'CEBPD', 'KCNIP4', 'RAB27A', 'NAV2', 'IKZF2', 'RNF144B', 'PLSCR1', 'CYSLTR1', 'CLEC2B', 'FAM110B', 'PIM1', 'TBC1D14', 'ASTN2', 'MAP2K6']",0.82148933532786,0,0,17,"BCL6",0.82148933532786,3.68677161169342e-06,0.00349031649115,0.952975179850448,0.952776802093433,0.11846914771692,0.979638759644307,1
"Pax2 (mouse)",0.409251050690607,1.10439589787416,0.986696556547316,"['IL15', 'USP9Y', 'KCNIP4', 'PXN', 'NLRC5', 'F13A1', 'DENND3', 'TNFRSF1B', 'ZFP36', 'DBP', 'SH3PXD2B', 'DPYD', 'TRPM3']",0.82148933532786,0,0,13,"Pax2",0.82148933532786,NA,NA,NA,NA,NA,NA,NA
"AP1 (mouse)",0.415515998358996,1.43611111111111,1.26124183756714,"['ZFP36', 'SH3PXD2B']",0.828021011222637,0,0,2,"AP1",0.828021011222637,NA,NA,NA,NA,NA,NA,NA
"SMAD3 (human)",0.420612050591942,1.91354875283447,1.65721811486717,"['PLXNC1']",0.832146143257439,0,0,1,"SMAD3",0.832146143257439,0.144756738356305,0.623171646413718,NA,NA,NA,0.96912235183743,1
"REL (mouse)",0.433547383044923,1.07347529903985,0.897161473973948,"['SNAP25', 'XBP1', 'LIMK2', 'TNFSF13', 'MAMDC2', 'F13A1', 'FMN1', 'TYMP', 'BST2', 'CASP4', 'CASP1', 'PDE4B', 'TBC1D14', 'CTNNA3', 'GBP2', 'PLTP']",0.834278219077078,0,0,16,"REL",0.834278219077078,0.0148571458175898,0.0211334172386475,0.962420208341553,0.96222969951034,0.200013583040291,0.913930175613329,1
"MYCN (human)",0.437042050091899,1.812567132116,1.50030869557797,"['DENND3']",0.834278219077078,0,0,1,"MYCN",0.834278219077078,NA,NA,NA,NA,NA,NA,NA
"FOXM1 (human)",0.437042050091899,1.812567132116,1.50030869557797,"['LAP3']",0.834278219077078,0,0,1,"FOXM1",0.834278219077078,NA,NA,NA,NA,NA,NA,NA
"STAT5B (mouse)",0.440877512629288,1.07426836672738,0.879813106588161,"['ABHD3', 'MVP', 'LIMK2', 'DENND3', 'TNFRSF1B', 'BCL6', 'SLC25A19', 'SPP1', 'RBMS1', 'FAM20A', 'CD69', 'A2M', 'TRPM3', 'MAP2K6']",0.834278219077078,0,0,14,"STAT5B",0.834278219077078,0.00932168928192519,0.0018857161028781,0.665227301400385,0.676210121770699,0.50547876843514,0.922030771616177,1
"POU1F1 (mouse)",0.442720430180743,1.06674630431537,0.869202800778406,"['TNFAIP8', 'DSCAM', 'CNTN5', 'IL15', 'GPR65', 'GMFG', 'PLEKHG5', 'TBC1D8', 'TMTC2', 'DENND3', 'LTC4S', 'IKZF2', 'PLAC8', 'RALYL', 'CHST15', 'PFN1']",0.834278219077078,0,0,16,"POU1F1",0.834278219077078,NA,NA,NA,NA,NA,NA,NA
"NFIC (human)",0.446525878183591,1.0372923473379,0.836325172976414,"['CX3CR1', 'TNFAIP8', 'FRMPD4', 'GMFG', 'LY96', 'DENND3', 'STON2', 'LTC4S', 'TYMP', 'PLAC8', 'SBNO2', 'DBP', 'PSTPIP2', 'SH3PXD2B', 'DSE', 'FAM110B', 'TMEM108', 'SUSD3', 'VSIG4', 'ERC2', 'GBP2', 'CD55', 'LINGO2', 'NLGN4Y', 'P2RY13', 'PTPN1', 'CD163', 'RNF44', 'ACOT7', 'HSPA5', 'CNTN5', 'USP9Y', 'KCNIP4', 'NAV2', 'STXBP5L', 'RALYL', 'CLEC2B', 'BCL6', 'NEK10', 'HSPA1B', 'LGMN', 'HSPA1A']",0.834278219077078,0,0,42,"NFIC",0.834278219077078,0.0674447520536455,0.151080142285841,NA,NA,NA,0.169569332604161,0.382057472634142
"MZF1 5-13 (human)",0.448398280514681,1.23067010309278,0.987087781561602,"['SNAP25', 'CTNNA3', 'ASTN2']",0.834278219077078,0,0,3,"MZF1 5-13",0.834278219077078,NA,NA,NA,NA,NA,NA,NA
"PRDM1 (human)",0.448835298360618,1.06230344241394,0.851010520023303,"['CX3CR1', 'P2RY12', 'LINGO2', 'MOAP1', 'GPR65', 'NAV2', 'C1ORF162', 'NAALADL2', 'STXBP5L', 'PGS1', 'KBTBD12', 'OAS1', 'CASP1', 'CD69', 'MGLL', 'CD55']",0.834278219077078,0,0,16,"PRDM1",0.834278219077078,0.510995706602378,0.370839924688628,NA,NA,NA,0.873066300526672,0.995397726935177
"GATA3 (human)",0.451564682269206,1.04577256602286,0.831427523352647,"['CX3CR1', 'FCGBP', 'TNFAIP8', 'NOTCH1', 'F13A1', 'SPATA6', 'HIF1A', 'PLAC8', 'KBTBD12', 'CASP4', 'ITGAX', 'CASP1', 'FLVCR2', 'RNF175', 'DIRC3', 'TRPM3', 'XBP1', 'ACOT7', 'HSPA5', 'RAB27A', 'UBE2QL1', 'PLCXD3', 'CLEC2B', 'CDH12', 'ASTN2']",0.834278219077078,0,0,25,"GATA3",0.834278219077078,NA,NA,NA,NA,NA,NA,NA
"HNRNPK (human)",0.45300843284485,1.72168367346939,1.36330581320853,"['FAM20A']",0.834278219077078,0,0,1,"HNRNPK",0.834278219077078,0.00263756228432445,0.00117861311429039,0.84558260285144,0.851176769948197,0.3359013005759,0.957024482007352,1
"MYC (mouse)",0.461264144107969,1.05124452409399,0.813436633686521,"['GRAMD1A', 'GPR65', 'STON2', 'BZW2', 'HIF1A', 'IGF2R', 'SBNO2', 'KIF26B', 'ADAMTS17', 'TMEM108', 'PIM1', 'BAX', 'PFN1', 'MGLL', 'TRPM3', 'S100A11', 'FKBP5']",0.834278219077078,0,0,17,"MYC",0.834278219077078,NA,NA,NA,NA,NA,NA,NA
"SP3 (human)",0.467161853499104,1.04917757284205,0.798507542539514,"['PRR5', 'SNAP25', 'NRN1', 'TSHZ3', 'ACSL1', 'PXN', 'TBC1D8', 'DENND3', 'TYMP', 'ZFP36', 'PER3', 'CXCL12', 'SH3PXD2B', 'CHST15', 'PIM1', 'PFN1']",0.834278219077078,0,0,16,"SP3",0.834278219077078,0.00668403130228064,0.273407951218111,NA,NA,NA,0.613704027134799,0.636816781010561
"GATA6 (human)",0.467161853499104,1.04917757284205,0.798507542539514,"['P2RY13', 'RBFOX1', 'CD163L1', 'GPR65', 'TNFSF13', 'NAV2', 'SPATA6', 'FCGR3A', 'CYSLTR1', 'PLCXD3', 'FCGR2A', 'CASP1', 'TBC1D14', 'CTNNA3', 'CD69', 'TRPM3']",0.834278219077078,0,0,16,"GATA6",0.834278219077078,NA,NA,NA,NA,NA,NA,NA
"NFE2L1 (human)",0.46852421620102,1.63945578231293,1.24298207518524,"['CXCL12']",0.834278219077078,0,0,1,"NFE2L1",0.834278219077078,0.343475208929453,0.296193497977072,NA,NA,NA,0.9608977529516,1
"NR4A2 (human)",0.46852421620102,1.63945578231293,1.24298207518524,"['NLGN4Y']",0.834278219077078,0,0,1,"NR4A2",0.834278219077078,NA,NA,NA,NA,NA,NA,NA
"ARNT (human)",0.470229541661626,1.04919421349442,0.791653039264476,"['SNAP25', 'RBFOX1', 'NRN1', 'DSCAM', 'ACSL1', 'PLEKHG5', 'UBE2QL1', 'NAV2', 'IKZF2', 'AIF1', 'MED12L', 'RALYL', 'KIF26B', 'PDE4B', 'MGLL']",0.834278219077078,0,0,15,"ARNT",0.834278219077078,0.000130176704496163,0.78008277582098,0.297794078068962,0.288731814191624,-1.91874258674473,0.97267103599385,1
"RORB (human)",0.473419105634462,1.05906469634168,0.791941281879837,"['LINGO2', 'CD163', 'DBP', 'LIMK2', 'KCNIP4', 'CBWD3', 'NAP1L2', 'PLAT', 'GBP2', 'TRPM3', 'HSPA1A']",0.834552910573571,0,0,11,"RORB",0.834552910573571,0.0775030325395906,0.00690795712614111,0.62948830511187,0.638215769042572,0.538173346861508,0.959799575518654,1
"STAT5B (human)",0.479653314015628,1.04234978730946,0.765805735674547,"['ROBO2', 'NLGN4Y', 'CD83', 'MVP', 'KCNIP4', 'RAB27A', 'SYN3', 'PLAC8', 'KBTBD12', 'CLEC2B', 'HRH2', 'CASP4', 'PDE4B', 'PIM1', 'LAP3']",0.836418646489547,0,0,15,"STAT5B",0.836418646489547,0.00932168928192519,0.0018857161028781,0.665227301400385,0.676210121770699,0.50547876843514,0.922030771616177,1
"En1 (mouse)",0.481178158396129,1.06820885115459,0.78141366672471,"['P2RY12', 'PER3', 'PDE4B', 'CTNNA3', 'ASTN2', 'DLEU7', 'LGMN', 'TYMP']",0.836418646489547,0,0,8,"En1",0.836418646489547,NA,NA,NA,NA,NA,NA,NA
"FOXA2 (human)",0.483602053788502,1.56470315398887,1.13674575291004,"['NAP1L2']",0.836418646489547,0,0,1,"FOXA2",0.836418646489547,NA,NA,NA,NA,NA,NA,NA
"NFE2L2 (human)",0.498254245615783,1.49645075421473,1.04249463468919,"['SYN3']",0.849271548169523,0,0,1,"NFE2L2",0.849271548169523,0.725754785004,0.537216961838611,NA,NA,NA,0.979638759644307,1
"GATA1 (human)",0.502073436251036,1.01612343297975,0.700118071178342,"['TNFAIP8', 'CD83', 'GPR65', 'NLRC5', 'F13A1', 'PLAC8', 'CYSLTR1', 'PSTPIP2', 'CASP4', 'FLVCR2', 'RNF175', 'GBP2', 'TRPM3', 'DLEU7', 'HIST1H2AC', 'RBFOX1', 'ACOT7', 'CD93', 'KCNIP4', 'PLCXD3', 'FCGR2A', 'OAS1', 'CDH12', 'CD69', 'ASTN2', 'PTPN2', 'HSPA1B']",0.849271548169523,0,0,27,"GATA1",0.849271548169523,NA,NA,NA,NA,NA,NA,NA
"FOXF1 (human)",0.505777246172902,1.02529938379258,0.698904482502469,"['P2RY13', 'ACOT7', 'CD163L1', 'GMFG', 'NAP1L2', 'TMTC2', 'C1ORF162', 'OAS1', 'HRH2', 'SNRPG', 'CDH12', 'ASTN2', 'PLTP', 'TRPM3']",0.849271548169523,0,0,14,"FOXF1",0.849271548169523,NA,NA,NA,NA,NA,NA,NA
"GATA2 (human)",0.505874954398218,1.00805485308749,0.686954872559201,"['FCGBP', 'PID1', 'TFRC', 'CBWD3', 'F13A1', 'STON2', 'PYGL', 'IKZF2', 'KBTBD12', 'FCGR3A', 'CYSLTR1', 'GOLGA4', 'PSMD5', 'PSTPIP2', 'SH3PXD2B', 'DSE', 'CASP4', 'ITGAX', 'PDE4B', 'PIM1', 'ENPP1', 'FLVCR2', 'PLXNC1', 'DIRC3', 'RBFOX1', 'ACOT7', 'FCER1G', 'IL15', 'PLEKHG5', 'SLC11A1', 'TBC1D8', 'UBE2QL1', 'NAV2', 'C1ORF162', 'SAP30', 'PLSCR1', 'OAS1', 'SNRPG', 'CDH12', 'RBMS1', 'LCP1', 'FAM20A', 'ASTN2', 'PFN1', 'CX3CR1', 'NOTCH1', 'CD163L1', 'PVT1', 'MVP', 'TMTC2', 'DENND3', 'SPATA6', 'TMEM163', 'HIF1A', 'TYMP', 'PLAC8', 'ADAMTS17', 'RNF175', 'TRPM3', 'P2RY12', 'LINGO2', 'MOAP1', 'P2RY13', 'CD163', 'HSPA5', 'CNTN5', 'LIMK2', 'TNFSF13', 'KCNIP4', 'EAF2', 'NAP1L2', 'RAB27A', 'RALYL', 'PER3', 'FCGR2A', 'BCL6', 'KIF26B', 'APOC1', 'NEK10', 'BAX', 'TMEM39A', 'HAMP', 'LGMN', 'HSPA1A']",0.849271548169523,0,0,84,"GATA2",0.849271548169523,NA,NA,NA,NA,NA,NA,NA
"IRF9 (human)",0.512492748077608,1.43388605442177,0.958507972789917,"['PDE4B']",0.849271548169523,0,0,1,"IRF9",0.849271548169523,0.0746065168677588,0.715856214802148,0.776897286219986,NA,-0.92997161409605,0.785274266865591,1
"SMAD3 (mouse)",0.512492748077608,1.43388605442177,0.958507972789917,"['SUSD3']",0.849271548169523,0,0,1,"SMAD3",0.849271548169523,0.144756738356305,0.623171646413718,NA,NA,NA,0.96912235183743,1
"NR5A2 (mouse)",0.512651189076875,1.01763666629222,0.679943716440841,"['LINGO2', 'GRAMD1A', 'TSHZ3', 'ACSL1', 'GMFG', 'PLEKHG5', 'F13A1', 'NAV2', 'TCIRG1', 'LTC4S', 'PRDM11', 'TYMP', 'CXCL12', 'PIM1', 'TBC1D14', 'PTPN2']",0.849271548169523,0,0,16,"NR5A2",0.849271548169523,NA,NA,NA,NA,NA,NA,NA
"CPEB1 (mouse)",0.534745848198938,1.00837275985663,0.631204738751271,"['LINGO2', 'RNF44', 'RALYL', 'XBP1', 'PER3', 'HSPA5', 'FRMPD4', 'CTNNA3', 'NAV2', 'BZW2', 'HAMP']",0.875233105421447,0,0,11,"CPEB1",0.875233105421447,NA,NA,NA,NA,NA,NA,NA
"NFYB (mouse)",0.538287951733917,1.00553363074811,0.622788954323311,"['LINGO2', 'RNF44', 'RALYL', 'XBP1', 'PER3', 'HSPA5', 'FRMPD4', 'CTNNA3', 'NAV2', 'BZW2', 'HAMP']",0.875233105421447,0,0,11,"NFYB",0.875233105421447,NA,NA,NA,NA,NA,NA,NA
"YY1 (human)",0.544253180383799,0.993295210970934,0.604261938988472,"['TFRC', 'GPR65', 'CBWD3', 'FMN1', 'UFSP2', 'KBTBD12', 'FCGR3A', 'DBP', 'CASP4', 'FAM110B', 'CASP1', 'PDE4B', 'ENPP1', 'MAP3K8', 'IKBKE', 'RNF44', 'RBFOX1', 'ACOT7', 'MAMDC2', 'NAV2', 'C1ORF162', 'PLSCR1', 'CDH12', 'LAP3', 'FKBP5', 'CD163L1', 'CEBPD', 'ABHD3', 'SPATA6', 'PGS1', 'HRH2', 'PRKY', 'SPP1', 'TBC1D14', 'CTNNA3', 'A2M', 'RNF175', 'GBP2', 'P2RY12', 'NLGN4Y', 'P2RY13', 'C17ORF67', 'CD163', 'USP9Y', 'TNFSF13', 'EAF2', 'NAP1L2', 'IGF1', 'PLCXD3', 'CLEC2B', 'TMEM39A', 'CD69', 'HAMP', 'HSPA1B', 'HSPA1A']",0.875233105421447,0,0,55,"YY1",0.875233105421447,0.0163808451752743,0.202027356229707,NA,NA,NA,0.348522330692457,0.640267061314599
"TBP (mouse)",0.545905143847897,0.993892418258971,0.601613066952151,"['UBXN2B', 'FRMPD4', 'USP9Y', 'KCNIP4', 'PXN', 'EAF2', 'NAP1L2', 'FMN1', 'NAV2', 'KBTBD12', 'NEK10', 'SPP1', 'TBC1D14', 'CTNNA3', 'VSIG4', 'ASTN2', 'GBP2', 'HAMP', 'TRPM3', 'S100A11']",0.875233105421447,0,0,20,"TBP",0.875233105421447,NA,NA,NA,NA,NA,NA,NA
"FOS (mouse)",0.552620497625943,0.993135786388798,0.589012720404076,"['SNAP25', 'P2RY13', 'PTPN1', 'HSPA5', 'FRMPD4', 'KCNIP4', 'ITGAX', 'PIM1', 'CD69', 'GBP2', 'PFN1', 'S100A11']",0.875233105421447,0,0,12,"FOS",0.875233105421447,0.697580503134212,0.886515930835537,NA,NA,NA,0.879292082746186,1
"POU3F1 (human)",0.553080304765493,1.09173789173789,0.646584027838837,"['CASP1', 'PTPN2']",0.875233105421447,0,0,2,"POU3F1",0.875233105421447,NA,NA,NA,NA,NA,NA,NA
"MYB (human)",0.556829248921667,0.988378224462677,0.578692130411689,"['CD163', 'ABHD3', 'KCNIP4', 'NAP1L2', 'IGF1', 'NAALADL2', 'MS4A6A', 'PLSCR1', 'CLEC2B', 'PDE4B', 'CDH12', 'ENPP1', 'CTNNA3', 'CD69', 'TRPM3']",0.875233105421447,0,0,15,"MYB",0.875233105421447,NA,NA,NA,NA,NA,NA,NA
"NR2F1 (mouse)",0.560508228050144,0.992034840410292,0.574300235393272,"['LINGO2', 'DSCAM', 'GPR65', 'LIMK2', 'LY96', 'SPATA6', 'DLGAP2', 'PTPN2']",0.875233105421447,0,0,8,"NR2F1",0.875233105421447,0.803255478311251,0.00333131088822689,0.377222982859643,0.366288665784594,1.80775140271752,0.984357652027108,1
"RORB (mouse)",0.560508228050144,0.992034840410292,0.574300235393272,"['LINGO2', 'DSCAM', 'GPR65', 'LIMK2', 'LY96', 'SPATA6', 'DLGAP2', 'PTPN2']",0.875233105421447,0,0,8,"RORB",0.875233105421447,0.0775030325395906,0.00690795712614111,0.62948830511187,0.638215769042572,0.538173346861508,0.959799575518654,1
"VDR (human)",0.565537487830932,1.22831632653061,0.700114135792813,"['CX3CR1']",0.875233105421447,0,0,1,"VDR",0.875233105421447,NA,NA,NA,NA,NA,NA,NA
"NFYA (mouse)",0.573185003820032,0.97795141790629,0.544275678973482,"['LINGO2', 'RNF44', 'RALYL', 'XBP1', 'PER3', 'HSPA5', 'FRMPD4', 'CTNNA3', 'NAV2', 'BZW2', 'HAMP']",0.875233105421447,0,0,11,"NFYA",0.875233105421447,0.16950897729035,0.294334504099772,NA,NA,NA,0.840346285141605,1
"ELF5 (mouse)",0.574455360653206,0.99586994067733,0.552043458221715,"['CNTN5', 'ENPP1', 'STON2', 'LTC4S']",0.875233105421447,0,0,4,"ELF5",0.875233105421447,NA,NA,NA,NA,NA,NA,NA
"ATF4 (human)",0.57469695103963,0.976307976642221,0.540789112826133,"['SNAP25', 'MOAP1', 'RNF44', 'XBP1', 'TFRC', 'UFSP2', 'IGF1', 'NAV2', 'SPATA6', 'AIF1', 'DBP', 'SLC25A19', 'TBC1D14', 'TMEM39A', 'LAP3', 'FKBP5']",0.875233105421447,0,0,16,"ATF4",0.875233105421447,0.00287022060362636,0.194646092281601,0.824426763257678,0.833036645900166,-0.514671018812951,0.97177514085969,1
"CBEPA (human)",0.578106067029194,0.97389685099591,0.533693448809942,"['CX3CR1', 'PRR5', 'FRMPD4', 'PLEKHG5', 'LIMK2', 'MAMDC2', 'NLRC5', 'F13A1', 'RALYL', 'DBP', 'APOC1', 'FAM110B', 'CTNNA3', 'HAMP']",0.875233105421447,0,0,14,"CBEPA",0.875233105421447,NA,NA,NA,NA,NA,NA,NA
"CRX (human)",0.578106067029194,0.97389685099591,0.533693448809942,"['UBXN2B', 'GMFG', 'MVP', 'SLC11A1', 'PXN', 'UFSP2', 'PGS1', 'C1ORF216', 'SBNO2', 'SNRPG', 'BAX', 'JAK3', 'PLTP', 'FKBP5']",0.875233105421447,0,0,14,"CRX",0.875233105421447,NA,NA,NA,NA,NA,NA,NA
"TP63 (human)",0.584211906429225,0.969652812275763,0.521180152786142,"['P2RY12', 'PRR5', 'PTPN1', 'ACOT7', 'TFRC', 'GMFG', 'LY96', 'C1ORF162', 'PRDM11', 'IGF2R', 'APOC1', 'MAP3K8', 'IKBKE', 'FKBP5']",0.875233105421447,0,0,14,"TP63",0.875233105421447,NA,NA,NA,NA,NA,NA,NA
"NFAT2 (human)",0.584211906429225,0.969652812275763,0.521180152786142,"['NLGN4Y', 'CD163L1', 'GPR65', 'F13A1', 'SPATA6', 'NAALADL2', 'PGS1', 'PLAC8', 'KBTBD12', 'FCGR3A', 'DSE', 'RBMS1', 'FLVCR2', 'CTNNA3']",0.875233105421447,0,0,14,"NFAT2",0.875233105421447,NA,NA,NA,NA,NA,NA,NA
"HNF4A (mouse)",0.585610514172895,0.981347150259067,0.525119215317928,"['KBTBD12', 'FMN1', 'PLAT', 'HAMP']",0.875233105421447,0,0,4,"HNF4A",0.875233105421447,NA,NA,NA,NA,NA,NA,NA
"LEF1 (mouse)",0.593304586145164,0.963350670441328,0.50291468953206,"['RBFOX1', 'FCER1G', 'PLAT', 'NAV2', 'PYGL', 'PRDM11', 'IKZF2', 'BST2', 'RNF144B', 'GOLGA4', 'HRH2', 'APOC1', 'TBC1D14', 'TRPM3']",0.877645095181166,0,0,14,"LEF1",0.877645095181166,NA,NA,NA,NA,NA,NA,NA
"Sox2 (mouse)",0.593607228013443,0.96207757296467,0.501759446229754,"['LINGO2', 'RBFOX1', 'RALYL', 'CNTN5', 'GPR65', 'CASP4', 'APOC1', 'SPP1', 'FMN1', 'ASTN2', 'JAK3']",0.877645095181166,0,0,11,"Sox2",0.877645095181166,NA,NA,NA,NA,NA,NA,NA
"SP1 (human)",0.597581853115128,0.961364737811379,0.49497210580665,"['PRR5', 'SNAP25', 'NRN1', 'TSHZ3', 'PLEKHG5', 'DENND3', 'IGF2R', 'TYMP', 'ZFP36', 'PER3', 'DBP', 'KIF26B', 'SH3PXD2B', 'CHST15', 'PIM1', 'PFN1']",0.878796842816365,0,0,16,"SP1",0.878796842816365,0.920097585454071,0.620007370850362,NA,NA,NA,0.938231607217119,1
"Myb (mouse)",0.604482077059593,0.958044084554767,0.482263353132286,"['CX3CR1', 'P2RY12', 'GPR65', 'GMFG', 'PLEKHG5', 'EAF2', 'TMTC2', 'DENND3', 'NAV2', 'TMEM163', 'ENO4', 'RNF144B', 'RNF149', 'PSMD5', 'SNRPG', 'PLXNC1', 'DLGAP2', 'LGMN']",0.884215804209511,0,0,18,"Myb",0.884215804209511,NA,NA,NA,NA,NA,NA,NA
"RORA 1 (human)",0.612836608210005,1.07413903061224,0.525959612704744,"['RBMS1']",0.89169347755424,0,0,1,"RORA 1",0.89169347755424,NA,NA,NA,NA,NA,NA,NA
"PLAU (human)",0.619951242327336,0.946835152650595,0.452695563935401,"['SNAP25', 'MOAP1', 'RNF44', 'XBP1', 'NRN1', 'IL4R', 'HSPA5', 'TFRC', 'NAV2', 'SPATA6', 'C1ORF216', 'DBP', 'TBC1D14', 'TMEM39A', 'LAP3', 'HIST1H2AC']",0.896793211379682,0,0,16,"PLAU",0.896793211379682,NA,NA,NA,NA,NA,NA,NA
"MYOD1 (mouse)",0.622995935974996,0.942881115270427,0.446185754298318,"['SNAP25', 'CHRM3', 'TNFAIP8', 'RNF44', 'PXN', 'C5AR1', 'EAF2', 'PSMD5', 'STAB1', 'TBC1D14', 'CTNNA3', 'TMEM39A', 'PFN1', 'HIST1H2AC']",0.896793211379682,0,0,14,"MYOD1",0.896793211379682,NA,NA,NA,NA,NA,NA,NA
"E2F1 (mouse)",0.630534037009305,0.949819312931705,0.438045403102821,"['GRAMD1A', 'UBXN2B', 'GMFG', 'TMTC2', 'TYMP', 'CHST15', 'PDE4B', 'PIM1', 'SPP1', 'TBC1D14', 'ENPP1', 'CTNNA3', 'JAK3', 'HIST1H2AC', 'MOAP1', 'PTPN1', 'CNTN5', 'LIMK2', 'MAMDC2', 'TBC1D8', 'BST2', 'PLSCR1', 'CXCL12', 'RBMS1', 'LAP3', 'CD69', 'ASTN2', 'PFN1', 'FKBP5']",0.896793211379682,0,0,29,"E2F1",0.896793211379682,NA,NA,NA,NA,NA,NA,NA
"Hand1::Tcfe2a (mouse)",0.634527843960328,1.01065426170468,0.459720457285416,"['CNTN5']",0.896793211379682,0,0,1,"Hand1::Tcfe2a",0.896793211379682,NA,NA,NA,NA,NA,NA,NA
"AHR (mouse)",0.638775507502788,0.914542314335061,0.409899881661815,"['PTPN1', 'LIMK2', 'RAB27A', 'BAX']",0.896793211379682,0,0,4,"AHR",0.896793211379682,NA,NA,NA,NA,NA,NA,NA
"KLF13 (human)",0.639532434304171,0.928506787330317,0.415059192300587,"['MLLT11', 'CX3CR1', 'FCGBP', 'FCGR3A', 'SBNO2', 'ACOT7', 'CXCL12', 'TSHZ3', 'MAMDC2', 'FLVCR2', 'LAP3', 'ASTN2']",0.896793211379682,0,0,12,"KLF13",0.896793211379682,0.441687823251898,0.46767677259426,NA,NA,NA,0.982498227715656,1
"JUN (mouse)",0.640966750295011,0.931918081918082,0.414496376424375,"['LINGO2', 'SNAP25', 'MOAP1', 'RNF44', 'C5AR1', 'UFSP2', 'TCIRG1', 'IGF2R', 'DBP', 'PSTPIP2', 'SNRPG', 'MAP3K8', 'FAM20A', 'PTPN2', 'HSPA1A']",0.896793211379682,0,0,15,"JUN",0.896793211379682,0.550621086863162,0.379405074105125,NA,NA,NA,0.97267103599385,0.985501378612174
"MYOD1 (human)",0.644915632002635,0.981632653061224,0.430579198400675,"['ACOT7']",0.896793211379682,0,0,1,"MYOD1",0.896793211379682,NA,NA,NA,NA,NA,NA,NA
"FOXA3 (human)",0.645691112193371,0.915418803418803,0.400435349180068,"['CDH12', 'TRPM3']",0.896793211379682,0,0,2,"FOXA3",0.896793211379682,NA,NA,NA,NA,NA,NA,NA
"ELK1 (human)",0.665431486422319,0.915587096266882,0.372936567048484,"['CX3CR1', 'ROBO2', 'IL4R', 'CD163L1', 'DSCAM', 'USP9Y', 'PLAT', 'TCIRG1', 'SPATA6', 'MS4A6A', 'OAS1', 'ADAMTS17', 'PIM1', 'TBC1D14', 'FLVCR2']",0.919566124452953,0,0,15,"ELK1",0.919566124452953,NA,NA,NA,NA,NA,NA,NA
"TEAD2 (mouse)",0.673264331463455,0.912211977309263,0.360886803486474,"['PRR5', 'ROBO2', 'TNFAIP8', 'RBFOX1', 'TSHZ3', 'PLEKHG5', 'UBE2QL1', 'IGF1', 'IKZF2', 'MED12L', 'DBP', 'HRH2', 'PSTPIP2', 'SUSD3', 'PLXNC1', 'TRPM3']",0.92177117222332,0,0,16,"TEAD2",0.92177117222332,NA,NA,NA,NA,NA,NA,NA
"BRCA1 (human)",0.673730929515954,0.907997257370816,0.358590328496414,"['CX3CR1', 'PTPN1', 'CD163', 'RBFOX1', 'ACOT7', 'SIGLEC9', 'TFRC', 'GPR65', 'PLEKHG5', 'NAV2', 'CASP4', 'PDE4B', 'CDH12', 'PLXNC1']",0.92177117222332,0,0,14,"BRCA1",0.92177117222332,NA,NA,NA,NA,NA,NA,NA
"SP3 (mouse)",0.678397555768327,0.894112047484391,0.346934963783708,"['PER3', 'HSPA5', 'HRH2', 'PLEKHG5', 'BAX', 'DENND3', 'HIF1A', 'FKBP5', 'LGMN', 'STXBP5L']",0.922158383611245,0,0,10,"SP3",0.922158383611245,0.00668403130228064,0.273407951218111,NA,NA,NA,0.613704027134799,0.636816781010561
"FOXL1 (human)",0.680720552265755,0.935785983835729,0.359906476805655,"['ROBO2', 'TFRC', 'GPR65', 'CBWD3', 'IKZF2', 'KBTBD12', 'FCGR3A', 'GOLGA4', 'PDE4B', 'TMEM108', 'MAP3K8', 'VSIG4', 'DIRC3', 'RNF44', 'FCER1G', 'IL4R', 'IL15', 'C1ORF162', 'SAP30', 'MS4A6A', 'PLSCR1', 'OAS1', 'CDH12', 'FAM20A', 'ASTN2', 'MGLL', 'TMTC2', 'LY96', 'SPATA6', 'PGS1', 'PLAC8', 'PRKY', 'SPP1', 'CTNNA3', 'A2M', 'RNF175', 'TRPM3', 'P2RY12', 'NLGN4Y', 'CD163', 'LIMK2', 'USP9Y', 'KCNIP4', 'RALYL', 'PER3', 'BCL6', 'NEK10', 'PTPN2', 'HSPA1B']",0.922158383611245,0,0,49,"FOXL1",0.922158383611245,NA,NA,NA,NA,NA,NA,NA
"GFI1 (human)",0.684484092797844,0.900567068769976,0.341395856339913,"['PRR5', 'FCER1G', 'HSPA5', 'GMFG', 'SLC11A1', 'PXN', 'PYGL', 'AIF1', 'PGS1', 'RNF149', 'SNRPG', 'BAX', 'PLTP', 'FKBP5']",0.922711399604936,0,0,14,"GFI1",0.922711399604936,NA,NA,NA,NA,NA,NA,NA
"NR1H2 (human)",0.696487392185872,0.845263225228683,0.305736431555908,"['UBXN2B', 'APOC1', 'LY96', 'UFSP2']",0.926367008045539,0,0,4,"NR1H2",0.926367008045539,0.207408486539687,0.616828670476262,NA,NA,NA,0.801307705087362,0.985501378612174
"FOXA1 (human)",0.697642086003495,0.891435575302589,0.320960557430069,"['P2RY12', 'ACOT7', 'TFRC', 'GMFG', 'PXN', 'C1ORF162', 'IKZF2', 'PLAC8', 'SBNO2', 'HRH2', 'CASP4', 'SNRPG', 'PLTP', 'HSPA1A']",0.926367008045539,0,0,14,"FOXA1",0.926367008045539,NA,NA,NA,NA,NA,NA,NA
"NFATC2 (human)",0.701354053537534,0.837232453957193,0.2970018921135,"['NLGN4Y']",0.926367008045539,0,0,1,"NFATC2",0.926367008045539,0.000927909687317297,0.000252875193980379,0.863019468222488,0.868419617666429,0.177792218201602,0.891667321571463,1
"E2F6 (human)",0.701647574198331,0.885836956521739,0.313873322193718,"['PRR5', 'ROBO2', 'MOAP1', 'PID1', 'HSPA5', 'CEBPD', 'ABHD3', 'PLEKHG5', 'NAV2', 'TYMP', 'PER3', 'CHST15', 'PFN1']",0.926367008045539,0,0,13,"E2F6",0.926367008045539,NA,NA,NA,NA,NA,NA,NA
"CEBPD (human)",0.706653442134574,0.887816531294792,0.308263140667665,"['PRR5', 'XBP1', 'UBXN2B', 'PXN', 'C5AR1', 'NAV2', 'PYGL', 'PGS1', 'RNF144B', 'OAS1', 'RNF149', 'PSMD5', 'SNRPG', 'CTNNA3', 'PLTP']",0.926367008045539,0,0,15,"CEBPD",0.926367008045539,0.0424567037520479,0.0891908913002231,0.918995177486874,0.922317636321813,0.310484584782336,0.96108525328411,1
"MAPK14 (human)",0.70867615423614,0.869938884644767,0.299569214725308,"['C1ORF216', 'GRAMD1A', 'FCGR2A', 'BCL6', 'PXN', 'RAB27A', 'IGF1', 'PYGL', 'LAP3', 'DLEU7']",0.926367008045539,0,0,10,"MAPK14",0.926367008045539,4.19719326138699e-06,0.00149808600175648,0.936456280999804,0.937889899997369,-0.165589891684943,0.998674089525648,1
"LOC135440 (human)",0.710776140718577,0.806515837104072,0.275342692179116,"['SNAP25', 'PTPN1']",0.926367008045539,0,0,2,"LOC135440",0.926367008045539,NA,NA,NA,NA,NA,NA,NA
"Arnt (mouse)",0.718107419730905,0.798054105363075,0.264264533193596,"['GRAMD1A']",0.929132648315877,0,0,1,"Arnt",0.929132648315877,0.000130176704496163,0.78008277582098,0.297794078068962,0.288731814191624,-1.91874258674473,0.97267103599385,1
"LTF (human)",0.719655469422843,0.869327199539966,0.285993605973545,"['PRR5', 'CD83', 'GMFG', 'PLEKHG5', 'USP9Y', 'CHST15', 'BAX', 'FAM20A', 'ASTN2', 'RNF175', 'JAK3', 'IGF2R']",0.929132648315877,0,0,12,"LTF",0.929132648315877,NA,NA,NA,NA,NA,NA,NA
"JUN (human)",0.739947721470899,0.888605065072523,0.267626289765269,"['PRR5', 'SIGLEC9', 'GMFG', 'TMTC2', 'SH3PXD2B', 'ITGAX', 'PIM1', 'TBC1D14', 'ENPP1', 'RNF175', 'GBP2', 'DLEU7', 'PTPN1', 'DSCAM', 'CNTN5', 'PLEKHG5', 'SLC11A1', 'USP9Y', 'C1ORF162', 'SYN3', 'NAALADL2', 'PLCXD3', 'DPYD', 'LAP3', 'ASTN2', 'PFN1']",0.949487462826769,0,0,26,"JUN",0.949487462826769,0.550621086863162,0.379405074105125,NA,NA,NA,0.97267103599385,0.985501378612174
"NKX3-1 (human)",0.744841139775738,0.752662721893491,0.221722635020048,"['NAV2', 'A2M']",0.949487462826769,0,0,2,"NKX3-1",0.949487462826769,NA,NA,NA,NA,NA,NA,NA
"TP53 (human)",0.749016138880779,0.886374990286089,0.256157717358698,"['PRR5', 'PID1', 'TFRC', 'CEBPD', 'FRMPD4', 'DENND3', 'PYGL', 'AIF1', 'GOLGA4', 'DBP', 'ADAMTS17', 'CHST15', 'TBC1D14', 'FLVCR2', 'IKBKE', 'RBFOX1', 'XBP1', 'FCER1G', 'IL15', 'PLEKHG5', 'NAV2', 'TNFRSF1B', 'MS4A6A', 'BCL6', 'SLC25A19', 'BAX', 'TMEM39A', 'FKBP5']",0.949487462826769,0,0,28,"TP53",0.949487462826769,NA,NA,NA,NA,NA,NA,NA
"REPIN1 (human)",0.756195010406843,0.849878295551189,0.237503576886868,"['CX3CR1', 'SNAP25', 'MOAP1', 'RNF44', 'NRN1', 'CNTN5', 'KCNIP4', 'TBC1D8', 'NAV2', 'SPATA6', 'DBP', 'TMEM108', 'BAX', 'MGLL']",0.949487462826769,0,0,14,"REPIN1",0.949487462826769,NA,NA,NA,NA,NA,NA,NA
"SMARCA2 (human)",0.758464096624814,0.848224043715847,0.234499863070082,"['CD163L1', 'CNTN5', 'USP9Y', 'NLRC5', 'EAF2', 'NAV2', 'HIF1A', 'MS4A6A', 'SBNO2', 'FCGR2A', 'FAM110B', 'TMEM108', 'TBC1D14', 'LGMN']",0.949487462826769,0,0,14,"SMARCA2",0.949487462826769,0.0168233752319345,0.31643001737001,NA,NA,NA,0.730769179795134,1
"FOXO3A (human)",0.760875551045641,0.805672119487909,0.220178482182132,"['SBNO2', 'ACOT7', 'IL15', 'HRH2', 'SNRPG', 'C1ORF162', 'TNFRSF1B']",0.949487462826769,0,0,7,"FOXO3A",0.949487462826769,NA,NA,NA,NA,NA,NA,NA
"SPIB (human)",0.76233337185447,0.782564029051988,0.212365435971878,"['ROBO2', 'NRN1', 'ACOT7', 'MAP2K6', 'STXBP5L']",0.949487462826769,0,0,5,"SPIB",0.949487462826769,NA,NA,NA,NA,NA,NA,NA
"FOXA1 (mouse)",0.763699667768056,0.840289855072464,0.226525903903769,"['TNFAIP8', 'FCER1G', 'CNTN5', 'C5AR1', 'RAB27A', 'RNF144B', 'RALYL', 'SBNO2', 'CASP4', 'CASP1', 'PDE4B', 'TBC1D14', 'FKBP5']",0.949487462826769,0,0,13,"FOXA1",0.949487462826769,NA,NA,NA,NA,NA,NA,NA
"SPI1 (mouse)",0.766495333627428,0.828481510621558,0.220315328104004,"['CHRM3', 'RBFOX1', 'TFRC', 'HRH2', 'LIMK2', 'PDE4B', 'SPP1', 'BAX', 'TCIRG1', 'PLXNC1', 'DLGAP2']",0.949487462826769,0,0,11,"SPI1",0.949487462826769,0.113612884367349,0.569181732892748,NA,NA,NA,0.984215435344917,1
"HOXA5 (human)",0.774916797030756,0.864532384763599,0.220455424458936,"['P2RY12', 'LINGO2', 'CHRM3', 'RNF44', 'RBFOX1', 'CD83', 'KCNIP4', 'MAMDC2', 'RAB27A', 'DENND3', 'IGF1', 'PYGL', 'PGS1', 'RNF144B', 'CASP4', 'PDE4B', 'TMEM108', 'CDH12', 'TBC1D14', 'PLXNC1', 'CD69', 'DLGAP2', 'MGLL', 'S100A11']",0.955614884230753,0,0,24,"HOXA5",0.955614884230753,NA,NA,NA,NA,NA,NA,NA
"FOXO3A (mouse)",0.784587572199382,0.741721108357738,0.179939378767919,"['RALYL', 'CNTN5', 'ABHD3', 'TMEM163']",0.963221349798349,0,0,4,"FOXO3A",0.963221349798349,NA,NA,NA,NA,NA,NA,NA
"ATF1 (human)",0.794003130226251,0.677126174155877,0.156191255965073,"['EAF2', 'SYN3']",0.97044827027653,0,0,2,"ATF1",0.97044827027653,0.309270013635779,0.0347051590411948,0.665207059015598,0.675684679933594,0.692334702503134,0.822385639323233,0.967748468992626
"SOX10 (human)",0.800707257374669,0.622820037105751,0.138427900578366,"['IKZF2']",0.974311928221389,0,0,1,"SOX10",0.974311928221389,NA,NA,NA,NA,NA,NA,NA
"PCBP1 (human)",0.804856924513749,0.813268736033651,0.176553120575491,"['PRR5', 'NRN1', 'TSHZ3', 'PXN', 'DENND3', 'TYMP', 'PER3', 'DBP', 'KIF26B', 'SH3PXD2B', 'CHST15', 'PIM1', 'PLXNC1', 'PFN1']",0.975046934983617,0,0,14,"PCBP1",0.975046934983617,0.0629129193481093,0.00400906710749561,0.634889561085386,0.642987454961145,0.728561028285588,0.991899572644365,0.999054132906019
"CEBPE (human)",0.811909420614792,0.60078768349445,0.125184024455545,"['RNF149']",0.979276713460824,0,0,1,"CEBPE",0.979276713460824,NA,NA,NA,NA,NA,NA,NA
"IKZF1 (human)",0.821784694551767,0.774850401987298,0.152085193802181,"['PRR5', 'GRAMD1A', 'FCER1G', 'GMFG', 'PLEKHG5', 'SLC11A1', 'PXN', 'C5AR1', 'ITGAX', 'PLTP']",0.984883538804618,0,0,10,"IKZF1",0.984883538804618,0.588730159467944,0.0436253167063951,0.652811258495272,0.663072197315139,1.13139906238984,0.812492769710658,0.897705996846706
"ATF2 (human)",0.823720777909317,0.798238812583075,0.154797398683475,"['SIGLEC9', 'GMFG', 'LIMK2', 'NAP1L2', 'IGF1', 'IKZF2', 'MED12L', 'RNF144B', 'RALYL', 'BCL6', 'PSTPIP2', 'TMEM108', 'TBC1D14', 'TRPM3']",0.984883538804618,0,0,14,"ATF2",0.984883538804618,0.833498710499155,0.896482574708291,NA,NA,NA,0.981177859227552,1
"RXRA (human)",0.841519106655797,0.771459459459459,0.133112676013894,"['PTPN1', 'TFRC', 'GMFG', 'NLRC5', 'CHST15', 'BAX', 'MAP3K8', 'UFSP2', 'AIF1', 'MGLL', 'HSPA1B', 'FKBP5']",0.988363518685947,0,0,12,"RXRA",0.988363518685947,0.139761153277898,0.721367296732927,NA,NA,NA,0.749963235226969,0.907141144164529
"KLF5 (human)",0.842896579060206,0.782281669974354,0.133700550728701,"['PRR5', 'MOAP1', 'TSHZ3', 'UFSP2', 'PYGL', 'TNFRSF1B', 'IGF2R', 'CXCL12', 'FAM110B', 'CHST15', 'ENPP1', 'PFN1', 'S100A11', 'HSPA1A']",0.988363518685947,0,0,14,"KLF5",0.988363518685947,NA,NA,NA,NA,NA,NA,NA
"STAT3 (human)",0.843294792950335,0.819488026424443,0.139672463262105,"['P2RY12', 'RBFOX1', 'ACOT7', 'CD83', 'CD163L1', 'HSPA5', 'CEBPD', 'KCNIP4', 'CBWD3', 'RAB27A', 'IGF1', 'NAV2', 'SYN3', 'NAALADL2', 'FCGR3A', 'PLCXD3', 'CXCL12', 'BCL6', 'ADAMTS17', 'TBC1D14', 'FLVCR2', 'CTNNA3', 'PLXNC1', 'IKBKE']",0.988363518685947,0,0,24,"STAT3",0.988363518685947,1.25751558748003e-05,0.00164987817696805,0.901885121540135,0.907136432403251,0.21052860862789,0.984215435344917,1
"ESR1 (human)",0.85049201424127,0.769847940704516,0.124669373120215,"['TFRC', 'TCIRG1', 'PRDM11', 'AIF1', 'C1ORF216', 'SLC25A19', 'CHST15', 'BAX', 'CTNNA3', 'MAP3K8', 'PLTP', 'HSPA1B', 'FKBP5']",0.988363518685947,0,0,13,"ESR1",0.988363518685947,0.196422133104977,0.869861732817915,NA,NA,NA,0.743724942125888,0.930362316256601
"APEX1 (human)",0.852175398295801,0.754513069324242,0.120694103784725,"['P2RY12', 'PRR5', 'C17ORF67', 'ACOT7', 'OAS1', 'GMFG', 'CASP4', 'BAX', 'TMEM39A', 'PYGL', 'TNFRSF1B']",0.988363518685947,0,0,11,"APEX1",0.988363518685947,4.10060275258164e-05,0.0359071490993562,0.758181845647391,0.768702800433891,-0.230867252402621,0.98643726380817,1
"HIF1A (mouse)",0.852182731266243,0.699303718896745,0.111856638124474,"['ROBO2', 'ABHD3', 'CDH12', 'TMEM163', 'HSPA1B', 'HSPA1A']",0.988363518685947,0,0,6,"HIF1A",0.988363518685947,0.0189824876337517,0.00618833833399851,0.712393792906835,0.723778437482298,0.491232086628503,0.95752197652685,1
"IRF2 (human)",0.853915481464988,0.752862657855133,0.118894373130392,"['C17ORF67', 'IL4R', 'CD93', 'IL15', 'HRH2', 'PLEKHG5', 'PXN', 'UFSP2', 'SYN3', 'PLTP', 'STXBP5L']",0.988363518685947,0,0,11,"IRF2",0.988363518685947,0.0157043412879955,0.00472482810416803,0.873728141629645,0.879782196651245,0.328013764213724,0.859180755043592,0.988281199014191
"TCFAP2A (human)",0.85583120245329,0.771037357015732,0.120036727009495,"['NRN1', 'TSHZ3', 'DENND3', 'IKZF2', 'IGF2R', 'MED12L', 'TYMP', 'PER3', 'CHST15', 'PIM1', 'FAM20A', 'PLXNC1', 'PFN1', 'MGLL']",0.988363518685947,0,0,14,"TCFAP2A",0.988363518685947,NA,NA,NA,NA,NA,NA,NA
"SREBF1 (mouse)",0.867838794413668,0.709689066644447,0.100597930040825,"['LINGO2', 'RALYL', 'XBP1', 'PER3', 'HSPA5', 'PLEKHG5', 'CTNNA3', 'NAV2']",0.988363518685947,0,0,8,"SREBF1",0.988363518685947,0.876642357604818,0.489658262358932,NA,NA,NA,0.940656087241496,0.985501378612174
"HIF1A (human)",0.879243562936962,0.749409539746037,0.0964440082585039,"['PRR5', 'XBP1', 'UBXN2B', 'HSPA5', 'TFRC', 'GMFG', 'C5AR1', 'TNFRSF1B', 'PGS1', 'C1ORF216', 'SLC25A19', 'SNRPG', 'PLTP', 'FKBP5']",0.988363518685947,0,0,14,"HIF1A",0.988363518685947,0.0189824876337517,0.00618833833399851,0.712393792906835,0.723778437482298,0.491232086628503,0.95752197652685,1
"Pdx1 (mouse)",0.881731476453704,0.619868928478482,0.078021487359232,"['PLAC8', 'ROBO2', 'KCNIP4', 'CDH12']",0.988363518685947,0,0,4,"Pdx1",0.988363518685947,NA,NA,NA,NA,NA,NA,NA
"THRB (human)",0.88218514151293,0.767657621707901,0.096228442244831,"['MOAP1', 'RYR2', 'RNF44', 'GRAMD1A', 'CD83', 'CNTN5', 'TNFSF13', 'KCNIP4', 'DENND3', 'TMEM163', 'TYMP', 'PER3', 'SLC25A19', 'ITGAX', 'SNRPG', 'MAP3K8', 'PLTP', 'S100A11']",0.988363518685947,0,0,18,"THRB",0.988363518685947,0.108214529476892,0.164451160573171,NA,0.963462892418646,NA,0.523872635122463,0.978140588001681
"GLI2 (human)",0.88690243281867,0.7196874607757,0.0863771046210049,"['PRR5', 'PLAC8', 'ACOT7', 'DBP', 'CXCL12', 'TSHZ3', 'RNF149', 'SUSD3', 'TNFRSF1B', 'HIF1A', 'CNTNAP5']",0.988363518685947,0,0,11,"GLI2",0.988363518685947,NA,NA,NA,NA,NA,NA,NA
"TFAP2D (human)",0.888054543814181,0.698781743308167,0.0829608462528338,"['PRR5', 'HRH2', 'PXN', 'LY96', 'BAX', 'UFSP2', 'C1ORF162', 'SYN3', 'S100A11']",0.988363518685947,0,0,9,"TFAP2D",0.988363518685947,NA,NA,NA,NA,NA,NA,NA
"RBPJ (human)",0.891084201025094,0.715168153740563,0.0824705841755547,"['PLCXD3', 'PID1', 'BCL6', 'PLEKHG5', 'CBWD3', 'RBMS1', 'UBE2QL1', 'TLR5', 'SAP30', 'FKBP5', 'LGMN']",0.988363518685947,0,0,11,"RBPJ",0.988363518685947,5.80296086090077e-06,0.00138943367519454,0.984929066677863,0.983926712472533,0.00861448683610333,0.828529547737809,0.892157939767348
"WT1 (human)",0.891177341127599,0.781910914654879,0.0900853914860134,"['CX3CR1', 'C17ORF67', 'RBFOX1', 'XBP1', 'SIGLEC9', 'CD83', 'TSHZ3', 'LIMK2', 'PXN', 'C5AR1', 'UBE2QL1', 'IKZF2', 'TNFRSF1B', 'AIF1', 'MED12L', 'TYMP', 'RALYL', 'SBNO2', 'PER3', 'CHST15', 'PIM1', 'PFN1', 'IKBKE', 'HSPA1B']",0.988363518685947,0,0,24,"WT1",0.988363518685947,NA,NA,NA,NA,NA,NA,NA
"NR1I2 (human)",0.897051245570927,0.69907834613717,0.075949471434174,"['PGS1', 'PRR5', 'ACOT7', 'CEBPD', 'SLC25A19', 'GMFG', 'PXN', 'LY96', 'BAX', 'LAP3']",0.988363518685947,0,0,10,"NR1I2",0.988363518685947,NA,NA,NA,NA,NA,NA,NA
"IRF8 (human)",0.897844650067619,0.723774014155713,0.077992600255216,"['P2RY13', 'FCER1G', 'MVP', 'AIF1', 'NAALADL2', 'PGS1', 'MS4A6A', 'BCL6', 'CASP1', 'PDE4B', 'SNRPG', 'TMEM39A', 'PLTP']",0.988363518685947,0,0,13,"IRF8",0.988363518685947,0.980359984858083,0.198676476317895,NA,NA,NA,0.935899262957014,1
"ZBTB7A (human)",0.899072186218207,0.706285079874175,0.0751430480387482,"['SBNO2', 'NRN1', 'PER3', 'CXCL12', 'TSHZ3', 'CHST15', 'RBMS1', 'PLXNC1', 'TMEM163', 'MGLL', 'TYMP']",0.988363518685947,0,0,11,"ZBTB7A",0.988363518685947,0.000186674779545553,0.129715591367388,0.833385288013133,0.841453210022725,-0.368486136769713,0.903170878061804,0.995397726935177
"HMGA1 (mouse)",0.901058442476607,0.694413753480355,0.0723476076399191,"['LINGO2', 'KBTBD12', 'RALYL', 'ZFP36', 'DPYD', 'CHST15', 'TBC1D14', 'IGF1', 'TMEM163', 'ENO4']",0.988363518685947,0,0,10,"HMGA1",0.988363518685947,NA,NA,NA,NA,NA,NA,NA
"Prrx2 (mouse)",0.904984573372242,0.708146174343357,0.0706994597125854,"['LINGO2', 'ROBO2', 'RBFOX1', 'ACOT7', 'FCER1G', 'LIMK2', 'APOC1', 'KCNIP4', 'EAF2', 'TBC1D14', 'SUSD3', 'MAP2K6']",0.988363518685947,0,0,12,"Prrx2",0.988363518685947,NA,NA,NA,NA,NA,NA,NA
"Nkx3-2 (mouse)",0.905700388032214,0.633082460732984,0.0627047444967959,"['RNF144B', 'LIMK2', 'C5AR1', 'PDE4B', 'LY96', 'HIF1A']",0.988363518685947,0,0,6,"Nkx3-2",0.988363518685947,NA,NA,NA,NA,NA,NA,NA
"SP1 (mouse)",0.922926705602081,0.7548032936871,0.0605393427485626,"['PRR5', 'TNFAIP8', 'NRN1', 'NOTCH1', 'TSHZ3', 'GMFG', 'F13A1', 'PLAT', 'BZW2', 'IKZF2', 'HRH2', 'DSE', 'FAM110B', 'PIM1', 'PLXNC1', 'RNF44', 'ACSL1', 'EAF2', 'SAP30', 'MLLT11', 'BCL6', 'SLC25A19', 'KIF26B', 'PFN1', 'PTPN2']",0.999576495161199,0,0,25,"SP1",0.999576495161199,0.920097585454071,0.620007370850362,NA,NA,NA,0.938231607217119,1
"Gata1 (mouse)",0.926712970453595,0.636625793023897,0.0484544766261364,"['PRR5', 'SBNO2', 'PID1', 'UBXN2B', 'ITGAX', 'VSIG4', 'SPATA6', 'MGLL']",0.999576495161199,0,0,8,"Gata1",0.999576495161199,NA,NA,NA,NA,NA,NA,NA
"ELK1 (mouse)",0.938107891278448,0.665701308629761,0.0425318655757252,"['ZFP36', 'ACOT7', 'DBP', 'HRH2', 'PLEKHG5', 'KCNIP4', 'PXN', 'CTNNA3', 'FAM20A', 'LTC4S', 'ERC2', 'LGMN']",0.999576495161199,0,0,12,"ELK1",0.999576495161199,NA,NA,NA,NA,NA,NA,NA
"ELK4 (human)",0.93835790822312,0.655712365591398,0.0417189369843587,"['UBXN2B', 'RNF149', 'LIMK2', 'KIF26B', 'USP9Y', 'DSE', 'KCNIP4', 'SNRPG', 'ENPP1', 'MAP3K8', 'TYMP']",0.999576495161199,0,0,11,"ELK4",0.999576495161199,0.0180179403871596,0.365325373394781,NA,NA,NA,0.979638759644307,1
"THRA (human)",0.945998518860514,0.340255102040816,0.01888901551514,"['DBP']",0.999576495161199,0,0,1,"THRA",0.999576495161199,0.000564742599355913,0.00115432118164734,0.929872630899651,0.931842035167272,0.150136807603992,0.989606102926827,1
"EGR1 (human)",0.949116442793217,0.540762325830654,0.0282406567270671,"['MOAP1', 'RBFOX1', 'TSHZ3', 'PIM1', 'TRPM3']",0.999576495161199,0,0,5,"EGR1",0.999576495161199,NA,NA,NA,NA,NA,NA,NA
"NR1H3 (human)",0.950744811602952,0.612102959656801,0.0309170691327658,"['PGS1', 'PRR5', 'SBNO2', 'GMFG', 'PXN', 'LY96', 'BAX', 'UFSP2', 'LAP3']",0.999576495161199,0,0,9,"NR1H3",0.999576495161199,NA,NA,NA,NA,NA,NA,NA
"ETS1 (mouse)",0.953530089776153,0.631062291434928,0.0300286556616271,"['DSCAM', 'IL15', 'DSE', 'STAB1', 'SPP1', 'NAP1L2', 'RBMS1', 'MAP3K8', 'DLGAP2', 'MGLL', 'FKBP5']",0.999576495161199,0,0,11,"ETS1",0.999576495161199,NA,NA,NA,NA,NA,NA,NA
"E2F4 (human)",0.954656902307152,0.320706584520601,0.0148818334793436,"['EAF2']",0.999576495161199,0,0,1,"E2F4",0.999576495161199,NA,NA,NA,NA,NA,NA,0.985501378612174
"CREM (human)",0.956873503289656,0.495047241694605,0.0218237005909934,"['C1ORF216', 'SIGLEC9', 'NAV2', 'HIST1H2AC']",0.999576495161199,0,0,4,"CREM",0.999576495161199,0.763555529029591,0.364412600915227,NA,NA,NA,0.909320439960587,0.678762205390495
"JUND (human)",0.958250916695145,0.583258242646889,0.0248734082621823,"['DPYD', 'KCNIP4', 'CBWD3', 'PDE4B', 'CDH12', 'UFSP2', 'TRPM3', 'CNTNAP5']",0.999576495161199,0,0,8,"JUND",0.999576495161199,0.00213584737172787,0.00037436692329244,0.969244389363596,0.968365459009298,0.119665381563243,0.462694681526478,0.900583976414876
"EGR1 (mouse)",0.959593435354751,0.655525030525031,0.0270375160292562,"['PRR5', 'RYR2', 'PTPN1', 'NRN1', 'DSCAM', 'PXN', 'PYGL', 'IKZF2', 'IGF2R', 'RALYL', 'PER3', 'RNF149', 'ENPP1', 'MGLL', 'FKBP5']",0.999576495161199,0,0,15,"EGR1",0.999576495161199,NA,NA,NA,NA,NA,NA,NA
"Sox5 (mouse)",0.974048924330691,0.35707502374169,0.00938884007794507,"['CYSLTR1', 'ITGAX']",0.999957859987819,0,0,2,"Sox5",0.999957859987819,0.662527951177331,0.353320030204421,NA,NA,NA,0.200282606932732,0.217595659219213
"PPARG (human)",0.976193754787673,0.683053111612695,0.0164576135152815,"['PRR5', 'CD163L1', 'GMFG', 'PXN', 'C5AR1', 'LY96', 'UFSP2', 'HIF1A', 'PGS1', 'FCGR3A', 'PSTPIP2', 'ADAMTS17', 'FLVCR2', 'CTNNA3', 'PLXNC1', 'IKBKE', 'ACOT7', 'FCER1G', 'KCNIP4', 'IGF1', 'C1ORF162', 'SYN3', 'NAALADL2', 'CXCL12', 'BCL6', 'HSPA1B', 'FKBP5']",0.999957859987819,0,0,27,"PPARG",0.999957859987819,0.385032283371562,0.824902043000426,NA,NA,NA,0.49299440509704,0.767795818956056
"RARA (human)",0.977098680528882,0.53766895872159,0.0124565146528875,"['PGS1', 'PTPN1', 'GMFG', 'FAM110B', 'PXN', 'LY96', 'UFSP2', 'TYMP']",0.999957859987819,0,0,8,"RARA",0.999957859987819,NA,NA,NA,NA,NA,NA,NA
"FOXC1 (human)",0.977426224043722,0.756282983356091,0.0172678040631378,"['PID1', 'TFRC', 'FRMPD4', 'F13A1', 'IKZF2', 'CYSLTR1', 'GOLGA4', 'PIM1', 'ENPP1', 'VSIG4', 'DLEU7', 'HIST1H2AC', 'RBFOX1', 'ACOT7', 'IL4R', 'ACSL1', 'SAP30', 'LAP3', 'ASTN2', 'FKBP5', 'C5AR1', 'TMTC2', 'SPATA6', 'MED12L', 'PGS1', 'SBNO2', 'HRH2', 'TBC1D14', 'A2M', 'RNF175', 'PLTP', 'TRPM3', 'S100A11', 'MOAP1', 'CNTN5', 'TNFSF13', 'EAF2', 'RAB27A', 'IGF1', 'IGF2R', 'MLLT11', 'C1ORF216', 'RALYL', 'PLCXD3', 'BCL6', 'PRR5', 'SNAP25', 'RYR2', 'TNFAIP8', 'CBWD3', 'UFSP2', 'TCIRG1', 'KBTBD12', 'FCGR3A', 'DSE', 'CASP4', 'PDE4B', 'IKBKE', 'DIRC3', 'IL15', 'PLEKHG5', 'MAMDC2', 'TBC1D8', 'NAV2', 'SYN3', 'NAALADL2', 'OAS1', 'SLC25A19', 'DPYD', 'RBMS1', 'LCP1', 'FAM20A', 'TLR5', 'MGLL', 'CNTNAP5', 'CX3CR1', 'CD163L1', 'MVP', 'NLRC5', 'TMEM163', 'AIF1', 'SPP1', 'CTNNA3', 'P2RY12', 'NLGN4Y', 'P2RY13', 'LIMK2', 'KCNIP4', 'NAP1L2', 'STXBP5L', 'PER3', 'FCGR2A', 'CLEC2B', 'RNF149', 'KIF26B', 'APOC1', 'NEK10', 'PTPN2', 'HSPA1B']",0.999957859987819,0,0,99,"FOXC1",0.999957859987819,NA,NA,NA,NA,NA,NA,NA
"Nkx2-5 (mouse)",0.983204796517444,0.241581632653061,0.00409187158833069,"['HIF1A']",0.999957859987819,0,0,1,"Nkx2-5",0.999957859987819,NA,NA,NA,NA,NA,NA,NA
"E2F1 (human)",0.988794006486699,0.670276842499065,0.00755351978606555,"['PRR5', 'ROBO2', 'MVP', 'PXN', 'PLAT', 'PYGL', 'BZW2', 'IKZF2', 'MED12L', 'TYMP', 'PGS1', 'SBNO2', 'DBP', 'PSMD5', 'ADAMTS17', 'DSE', 'PIM1', 'ENPP1', 'MAP3K8', 'MOAP1', 'PTPN1', 'RBFOX1', 'ACSL1', 'LIMK2', 'NAV2', 'PLSCR1', 'RALYL', 'CXCL12', 'OAS1', 'BCL6', 'KIF26B', 'TMEM39A', 'LAP3', 'TLR5', 'PFN1']",0.999957859987819,0,0,35,"E2F1",0.999957859987819,NA,NA,NA,NA,NA,NA,NA
"PITX1 (human)",0.993880253713628,0.462995623489451,0.00284212117504957,"['PGS1', 'PTPN1', 'PXN', 'IGF1', 'NAV2', 'LAP3', 'PLTP', 'FKBP5']",0.999957859987819,0,0,8,"PITX1",0.999957859987819,NA,NA,NA,NA,NA,NA,NA
"TP53 (mouse)",0.995354130517284,0.38390261627907,0.00178771742323047,"['TNFAIP8', 'PXN', 'RAB27A', 'BAX', 'TCIRG1']",0.999957859987819,0,0,5,"TP53",0.999957859987819,NA,NA,NA,NA,NA,NA,NA
"SMAD4 (mouse)",0.999790673094745,0.365454027355623,7.65073683638821e-05,"['DSCAM', 'TSHZ3', 'GMFG', 'RBMS1', 'FMN1', 'PLXNC1', 'IKZF2', 'MGLL', 'MED12L']",0.999957859987819,0,0,9,"SMAD4",0.999957859987819,0.697580503134212,0.729732435244116,NA,NA,NA,0.891667321571463,0.995397726935177
"NRF1 (human)",0.999945261660495,0.25690543071161,1.40629615821161e-05,"['PGS1', 'DENND3', 'LAP3', 'PFN1', 'SAP30']",0.999957859987819,0,0,5,"NRF1",0.999957859987819,3.58224966932471e-05,0.0648675988669415,NA,NA,NA,0.719991786825469,0.995397726935177
"NRF1 (mouse)",0.999957859987819,0.274982271376194,1.15880004262306e-05,"['RNF144B', 'TNFAIP8', 'RNF149', 'SLC25A19', 'MVP', 'TMEM108']",0.999957859987819,0,0,6,"NRF1",0.999957859987819,3.58224966932471e-05,0.0648675988669415,NA,NA,NA,0.719991786825469,0.995397726935177
