NAME	GS<br> follow link to MSigDB	GS DETAILS	SIZE	ES	NES	NOM p-val	FDR q-val	FWER p-val	RANK AT MAX	LEADING EDGE	
KEGG_STARCH_AND_SUCROSE_METABOLISM	KEGG_STARCH_AND_SUCROSE_METABOLISM	Details ...	9	0.78731453	1.6127874	0.0044247787	0.22697945	0.2084	638	tags=56%, list=10%, signal=61%	
KEGG_CYSTEINE_AND_METHIONINE_METABOLISM	KEGG_CYSTEINE_AND_METHIONINE_METABOLISM	Details ...	13	0.7164761	1.551996	0.0059099244	0.2969905	0.4613	1231	tags=62%, list=19%, signal=76%	
KEGG_PROTEIN_EXPORT	KEGG_PROTEIN_EXPORT	Details ...	16	0.6643276	1.4828143	0.012028707	0.5131986	0.7963	1647	tags=63%, list=25%, signal=83%	
KEGG_RIBOFLAVIN_METABOLISM	KEGG_RIBOFLAVIN_METABOLISM	Details ...	7	0.7223968	1.4142119	0.044507474	0.87387687	0.9738	1159	tags=71%, list=18%, signal=87%	
KEGG_OLFACTORY_TRANSDUCTION	KEGG_OLFACTORY_TRANSDUCTION	Details ...	19	0.62172097	1.4139216	0.020915033	0.70143235	0.9742	1375	tags=53%, list=21%, signal=67%	
KEGG_TYROSINE_METABOLISM	KEGG_TYROSINE_METABOLISM	Details ...	13	0.63920283	1.3871764	0.04416114	0.7838585	0.9932	1590	tags=62%, list=24%, signal=81%	
KEGG_OOCYTE_MEIOSIS	KEGG_OOCYTE_MEIOSIS	Details ...	45	0.56780475	1.3845438	0.005	0.6915337	0.9943	1551	tags=51%, list=24%, signal=67%	
KEGG_PHENYLALANINE_METABOLISM	KEGG_PHENYLALANINE_METABOLISM	Details ...	8	0.6808397	1.3682604	0.06930587	0.7173398	0.9982	1282	tags=50%, list=20%, signal=62%	
KEGG_SPHINGOLIPID_METABOLISM	KEGG_SPHINGOLIPID_METABOLISM	Details ...	11	0.64185315	1.3589127	0.059966914	0.70208424	0.9992	737	tags=45%, list=11%, signal=51%	
KEGG_SELENOAMINO_ACID_METABOLISM	KEGG_SELENOAMINO_ACID_METABOLISM	Details ...	9	0.656893	1.339648	0.079440236	0.7640426	0.9999	156	tags=33%, list=2%, signal=34%	
KEGG_CELL_CYCLE	KEGG_CELL_CYCLE	Details ...	51	0.5425557	1.3363204	0.0099	0.71731085	0.9999	1657	tags=49%, list=25%, signal=65%	
KEGG_LYSOSOME	KEGG_LYSOSOME	Details ...	51	0.5332789	1.3149672	0.0138	0.80632436	0.9999	1595	tags=41%, list=24%, signal=54%	
KEGG_INOSITOL_PHOSPHATE_METABOLISM	KEGG_INOSITOL_PHOSPHATE_METABOLISM	Details ...	23	0.56779414	1.314845	0.053286504	0.7450865	0.9999	1489	tags=48%, list=23%, signal=62%	
KEGG_VIRAL_MYOCARDITIS	KEGG_VIRAL_MYOCARDITIS	Details ...	25	0.5582943	1.303417	0.0546656	0.7693329	0.9999	1014	tags=36%, list=16%, signal=42%	
KEGG_VIBRIO_CHOLERAE_INFECTION	KEGG_VIBRIO_CHOLERAE_INFECTION	Details ...	29	0.54944605	1.3008764	0.045113534	0.734751	0.9999	1775	tags=55%, list=27%, signal=75%	
KEGG_GLYCOSAMINOGLYCAN_BIOSYNTHESIS_KERATAN_SULFATE	KEGG_GLYCOSAMINOGLYCAN_BIOSYNTHESIS_KERATAN_SULFATE	Details ...	7	0.6629917	1.2918524	0.119482495	0.747588	1.0	519	tags=43%, list=8%, signal=47%	
KEGG_ALANINE_ASPARTATE_AND_GLUTAMATE_METABOLISM	KEGG_ALANINE_ASPARTATE_AND_GLUTAMATE_METABOLISM	Details ...	5	0.70186204	1.276586	0.13501914	0.80442345	1.0	507	tags=40%, list=8%, signal=43%	
KEGG_OTHER_GLYCAN_DEGRADATION	KEGG_OTHER_GLYCAN_DEGRADATION	Details ...	6	0.6660148	1.2614485	0.14797002	0.8656467	1.0	1940	tags=83%, list=30%, signal=119%	
KEGG_EPITHELIAL_CELL_SIGNALING_IN_HELICOBACTER_PYLORI_INFECTION	KEGG_EPITHELIAL_CELL_SIGNALING_IN_HELICOBACTER_PYLORI_INFECTION	Details ...	25	0.5313726	1.2382699	0.10495744	0.9935787	1.0	1917	tags=56%, list=29%, signal=79%	
KEGG_CALCIUM_SIGNALING_PATHWAY	KEGG_CALCIUM_SIGNALING_PATHWAY	Details ...	66	0.49271494	1.2334677	0.0353	0.98121154	1.0	1461	tags=35%, list=22%, signal=44%	
KEGG_AMYOTROPHIC_LATERAL_SCLEROSIS_ALS	KEGG_AMYOTROPHIC_LATERAL_SCLEROSIS_ALS		21	0.534828	1.2312623	0.12644255	0.9508525	1.0	2437	tags=62%, list=37%, signal=99%	
KEGG_HISTIDINE_METABOLISM	KEGG_HISTIDINE_METABOLISM		6	0.64727557	1.2310941	0.1837444	0.90884835	1.0	2303	tags=100%, list=35%, signal=154%	
KEGG_AMINO_SUGAR_AND_NUCLEOTIDE_SUGAR_METABOLISM	KEGG_AMINO_SUGAR_AND_NUCLEOTIDE_SUGAR_METABOLISM		17	0.5468987	1.2243434	0.14888038	0.91754144	1.0	1269	tags=41%, list=19%, signal=51%	
KEGG_LYSINE_DEGRADATION	KEGG_LYSINE_DEGRADATION		13	0.55996996	1.2140331	0.17539027	0.95242375	1.0	2415	tags=69%, list=37%, signal=110%	
KEGG_GLYCOSPHINGOLIPID_BIOSYNTHESIS_LACTO_AND_NEOLACTO_SERIES	KEGG_GLYCOSPHINGOLIPID_BIOSYNTHESIS_LACTO_AND_NEOLACTO_SERIES		14	0.55434865	1.2120264	0.17507116	0.92842567	1.0	2187	tags=57%, list=34%, signal=86%	
KEGG_NEUROTROPHIN_SIGNALING_PATHWAY	KEGG_NEUROTROPHIN_SIGNALING_PATHWAY		51	0.48949993	1.2053238	0.075207524	0.93906915	1.0	2653	tags=63%, list=41%, signal=105%	
KEGG_PHOSPHATIDYLINOSITOL_SIGNALING_SYSTEM	KEGG_PHOSPHATIDYLINOSITOL_SIGNALING_SYSTEM		31	0.5035189	1.1971277	0.12992598	0.9619922	1.0	1489	tags=39%, list=23%, signal=50%	
KEGG_BUTANOATE_METABOLISM	KEGG_BUTANOATE_METABOLISM		8	0.59153557	1.1836067	0.23145178	1.0	1.0	546	tags=25%, list=8%, signal=27%	
KEGG_NOD_LIKE_RECEPTOR_SIGNALING_PATHWAY	KEGG_NOD_LIKE_RECEPTOR_SIGNALING_PATHWAY		18	0.52341425	1.1831783	0.19733925	0.99192303	1.0	2515	tags=72%, list=39%, signal=117%	
KEGG_GLYCOLYSIS_GLUCONEOGENESIS	KEGG_GLYCOLYSIS_GLUCONEOGENESIS		25	0.5071904	1.1812398	0.17178896	0.9725334	1.0	1048	tags=36%, list=16%, signal=43%	
KEGG_PATHOGENIC_ESCHERICHIA_COLI_INFECTION	KEGG_PATHOGENIC_ESCHERICHIA_COLI_INFECTION		23	0.5058592	1.1729556	0.19158973	0.9978761	1.0	2341	tags=65%, list=36%, signal=101%	
KEGG_LEISHMANIA_INFECTION	KEGG_LEISHMANIA_INFECTION		19	0.5107307	1.1612604	0.22614734	1.0	1.0	2707	tags=68%, list=42%, signal=117%	
KEGG_PRION_DISEASES	KEGG_PRION_DISEASES		14	0.5288861	1.157564	0.24573171	1.0	1.0	1949	tags=57%, list=30%, signal=81%	
KEGG_TRYPTOPHAN_METABOLISM	KEGG_TRYPTOPHAN_METABOLISM		9	0.56660616	1.1570375	0.26316348	1.0	1.0	2203	tags=56%, list=34%, signal=84%	
KEGG_PROPANOATE_METABOLISM	KEGG_PROPANOATE_METABOLISM		12	0.53763735	1.1525016	0.2586932	1.0	1.0	2203	tags=58%, list=34%, signal=88%	
KEGG_TOLL_LIKE_RECEPTOR_SIGNALING_PATHWAY	KEGG_TOLL_LIKE_RECEPTOR_SIGNALING_PATHWAY		27	0.4887613	1.1481998	0.21461461	1.0	1.0	657	tags=22%, list=10%, signal=25%	
KEGG_RNA_DEGRADATION	KEGG_RNA_DEGRADATION		18	0.50824577	1.143767	0.24589668	1.0	1.0	1765	tags=33%, list=27%, signal=46%	
KEGG_INSULIN_SIGNALING_PATHWAY	KEGG_INSULIN_SIGNALING_PATHWAY		56	0.45745862	1.1369413	0.1687	1.0	1.0	1337	tags=32%, list=21%, signal=40%	
KEGG_GLIOMA	KEGG_GLIOMA		27	0.48350644	1.1361234	0.2348409	1.0	1.0	2468	tags=52%, list=38%, signal=83%	
KEGG_DILATED_CARDIOMYOPATHY	KEGG_DILATED_CARDIOMYOPATHY		35	0.47267815	1.1337047	0.21256377	1.0	1.0	1727	tags=46%, list=26%, signal=62%	
KEGG_HYPERTROPHIC_CARDIOMYOPATHY_HCM	KEGG_HYPERTROPHIC_CARDIOMYOPATHY_HCM		32	0.4749022	1.1293579	0.22789116	1.0	1.0	1930	tags=47%, list=30%, signal=66%	
KEGG_PENTOSE_PHOSPHATE_PATHWAY	KEGG_PENTOSE_PHOSPHATE_PATHWAY		10	0.54308206	1.1289613	0.29511788	0.98896396	1.0	1809	tags=50%, list=28%, signal=69%	
KEGG_RENAL_CELL_CARCINOMA	KEGG_RENAL_CELL_CARCINOMA		29	0.47679275	1.1277392	0.24492043	0.97354305	1.0	2653	tags=52%, list=41%, signal=87%	
KEGG_BETA_ALANINE_METABOLISM	KEGG_BETA_ALANINE_METABOLISM		8	0.55704087	1.1215417	0.31247318	0.9888204	1.0	546	tags=25%, list=8%, signal=27%	
KEGG_PROGESTERONE_MEDIATED_OOCYTE_MATURATION	KEGG_PROGESTERONE_MEDIATED_OOCYTE_MATURATION		32	0.47187623	1.1208913	0.24419536	0.97072184	1.0	2657	tags=63%, list=41%, signal=105%	
KEGG_FATTY_ACID_METABOLISM	KEGG_FATTY_ACID_METABOLISM		9	0.54452276	1.1151772	0.321237	0.9834889	1.0	2384	tags=56%, list=37%, signal=87%	
KEGG_UBIQUITIN_MEDIATED_PROTEOLYSIS	KEGG_UBIQUITIN_MEDIATED_PROTEOLYSIS		42	0.45921576	1.1149973	0.23162316	0.9636099	1.0	1833	tags=43%, list=28%, signal=59%	
KEGG_LONG_TERM_POTENTIATION	KEGG_LONG_TERM_POTENTIATION		28	0.4714147	1.1100641	0.28002402	0.9721613	1.0	1276	tags=32%, list=20%, signal=40%	
KEGG_PRIMARY_IMMUNODEFICIENCY	KEGG_PRIMARY_IMMUNODEFICIENCY		8	0.55242246	1.1079537	0.33247587	0.96439546	1.0	752	tags=25%, list=12%, signal=28%	
KEGG_VASCULAR_SMOOTH_MUSCLE_CONTRACTION	KEGG_VASCULAR_SMOOTH_MUSCLE_CONTRACTION		39	0.45675743	1.1069778	0.2569514	0.95094335	1.0	1107	tags=26%, list=17%, signal=31%	
KEGG_PROSTATE_CANCER	KEGG_PROSTATE_CANCER		42	0.4559675	1.1064783	0.2471	0.9351213	1.0	2515	tags=55%, list=39%, signal=89%	
KEGG_AMINOACYL_TRNA_BIOSYNTHESIS	KEGG_AMINOACYL_TRNA_BIOSYNTHESIS		12	0.5142471	1.1048408	0.33216748	0.925757	1.0	1126	tags=33%, list=17%, signal=40%	
KEGG_ALDOSTERONE_REGULATED_SODIUM_REABSORPTION	KEGG_ALDOSTERONE_REGULATED_SODIUM_REABSORPTION		17	0.49286067	1.1014577	0.32156903	0.9265129	1.0	2758	tags=65%, list=42%, signal=112%	
KEGG_TASTE_TRANSDUCTION	KEGG_TASTE_TRANSDUCTION		12	0.51295877	1.0978142	0.3402664	0.9286104	1.0	975	tags=25%, list=15%, signal=29%	
KEGG_CHEMOKINE_SIGNALING_PATHWAY	KEGG_CHEMOKINE_SIGNALING_PATHWAY		50	0.44510248	1.0957437	0.2587	0.92266107	1.0	2653	tags=52%, list=41%, signal=87%	
KEGG_ARGININE_AND_PROLINE_METABOLISM	KEGG_ARGININE_AND_PROLINE_METABOLISM		21	0.47882286	1.0952923	0.32192332	0.90853447	1.0	2437	tags=57%, list=37%, signal=91%	
KEGG_TGF_BETA_SIGNALING_PATHWAY	KEGG_TGF_BETA_SIGNALING_PATHWAY		25	0.46811378	1.0915167	0.3220696	0.9121094	1.0	1194	tags=28%, list=18%, signal=34%	
KEGG_ADHERENS_JUNCTION	KEGG_ADHERENS_JUNCTION		27	0.46383417	1.0879481	0.3194514	0.9146281	1.0	2885	tags=63%, list=44%, signal=112%	
KEGG_VASOPRESSIN_REGULATED_WATER_REABSORPTION	KEGG_VASOPRESSIN_REGULATED_WATER_REABSORPTION		21	0.47224307	1.086964	0.337648	0.9041988	1.0	1185	tags=33%, list=18%, signal=41%	
KEGG_THYROID_CANCER	KEGG_THYROID_CANCER		9	0.53064805	1.0852623	0.35689566	0.8975895	1.0	2340	tags=56%, list=36%, signal=87%	
KEGG_ENDOCYTOSIS	KEGG_ENDOCYTOSIS		77	0.42768705	1.080341	0.2649	0.90743935	1.0	2430	tags=42%, list=37%, signal=65%	
KEGG_GNRH_SIGNALING_PATHWAY	KEGG_GNRH_SIGNALING_PATHWAY		33	0.45056912	1.0777351	0.32753274	0.90514725	1.0	2340	tags=48%, list=36%, signal=75%	
KEGG_CELL_ADHESION_MOLECULES_CAMS	KEGG_CELL_ADHESION_MOLECULES_CAMS		43	0.43982896	1.0687429	0.3314	0.9351103	1.0	2743	tags=53%, list=42%, signal=92%	
KEGG_LONG_TERM_DEPRESSION	KEGG_LONG_TERM_DEPRESSION		29	0.44782847	1.0585109	0.3711227	0.970566	1.0	1107	tags=28%, list=17%, signal=33%	
KEGG_ADIPOCYTOKINE_SIGNALING_PATHWAY	KEGG_ADIPOCYTOKINE_SIGNALING_PATHWAY		27	0.45089218	1.056609	0.38248247	0.96506727	1.0	2757	tags=59%, list=42%, signal=102%	
KEGG_ARRHYTHMOGENIC_RIGHT_VENTRICULAR_CARDIOMYOPATHY_ARVC	KEGG_ARRHYTHMOGENIC_RIGHT_VENTRICULAR_CARDIOMYOPATHY_ARVC		28	0.44669938	1.0506512	0.39471313	0.9793952	1.0	1925	tags=46%, list=30%, signal=66%	
KEGG_BIOSYNTHESIS_OF_UNSATURATED_FATTY_ACIDS	KEGG_BIOSYNTHESIS_OF_UNSATURATED_FATTY_ACIDS		10	0.5070816	1.0494118	0.41751334	0.9706559	1.0	1732	tags=40%, list=27%, signal=54%	
KEGG_BLADDER_CANCER	KEGG_BLADDER_CANCER		18	0.4633297	1.0450876	0.41655755	0.9770141	1.0	2340	tags=50%, list=36%, signal=78%	
KEGG_N_GLYCAN_BIOSYNTHESIS	KEGG_N_GLYCAN_BIOSYNTHESIS		24	0.44765413	1.0412405	0.42212212	0.9808171	1.0	1244	tags=25%, list=19%, signal=31%	
KEGG_O_GLYCAN_BIOSYNTHESIS	KEGG_O_GLYCAN_BIOSYNTHESIS		10	0.4974826	1.0358157	0.43867138	0.9922849	1.0	676	tags=20%, list=10%, signal=22%	
KEGG_ACUTE_MYELOID_LEUKEMIA	KEGG_ACUTE_MYELOID_LEUKEMIA		23	0.44516128	1.030325	0.4428743	1.0	1.0	2653	tags=52%, list=41%, signal=88%	
KEGG_PATHWAYS_IN_CANCER	KEGG_PATHWAYS_IN_CANCER		124	0.3988841	1.0302066	0.3839	0.9905553	1.0	2685	tags=46%, list=41%, signal=77%	
KEGG_TYPE_I_DIABETES_MELLITUS	KEGG_TYPE_I_DIABETES_MELLITUS		11	0.48622978	1.0291895	0.449634	0.98166203	1.0	2707	tags=64%, list=42%, signal=109%	
KEGG_MAPK_SIGNALING_PATHWAY	KEGG_MAPK_SIGNALING_PATHWAY		103	0.4022495	1.027469	0.4043	0.97603106	1.0	2640	tags=49%, list=40%, signal=80%	
KEGG_CARDIAC_MUSCLE_CONTRACTION	KEGG_CARDIAC_MUSCLE_CONTRACTION		35	0.42758846	1.0259645	0.44054407	0.96966213	1.0	1810	tags=34%, list=28%, signal=47%	
KEGG_ANTIGEN_PROCESSING_AND_PRESENTATION	KEGG_ANTIGEN_PROCESSING_AND_PRESENTATION		29	0.43243012	1.0229068	0.44853455	0.9703396	1.0	2338	tags=41%, list=36%, signal=64%	
KEGG_T_CELL_RECEPTOR_SIGNALING_PATHWAY	KEGG_T_CELL_RECEPTOR_SIGNALING_PATHWAY		33	0.42825824	1.0221206	0.44827932	0.9610186	1.0	3068	tags=64%, list=47%, signal=120%	
KEGG_REGULATION_OF_ACTIN_CYTOSKELETON	KEGG_REGULATION_OF_ACTIN_CYTOSKELETON		77	0.4026976	1.0148804	0.4538	0.9798502	1.0	2855	tags=52%, list=44%, signal=91%	
KEGG_FOCAL_ADHESION	KEGG_FOCAL_ADHESION		71	0.40407312	1.0137309	0.4567	0.9724165	1.0	2653	tags=45%, list=41%, signal=75%	
KEGG_GLUTATHIONE_METABOLISM	KEGG_GLUTATHIONE_METABOLISM		15	0.45780268	1.012266	0.47603607	0.9662992	1.0	2804	tags=60%, list=43%, signal=105%	
KEGG_STEROID_HORMONE_BIOSYNTHESIS	KEGG_STEROID_HORMONE_BIOSYNTHESIS		11	0.4780906	1.0113434	0.4817965	0.9581317	1.0	2111	tags=45%, list=32%, signal=67%	
KEGG_MELANOMA	KEGG_MELANOMA		33	0.42274302	1.0106276	0.47819564	0.9492245	1.0	2653	tags=48%, list=41%, signal=81%	
KEGG_PANCREATIC_CANCER	KEGG_PANCREATIC_CANCER		33	0.42351785	1.010516	0.47369474	0.9382185	1.0	2903	tags=55%, list=45%, signal=98%	
KEGG_GLYCOSAMINOGLYCAN_DEGRADATION	KEGG_GLYCOSAMINOGLYCAN_DEGRADATION		7	0.51365775	1.0036857	0.48371282	0.95435435	1.0	1988	tags=43%, list=30%, signal=62%	
KEGG_JAK_STAT_SIGNALING_PATHWAY	KEGG_JAK_STAT_SIGNALING_PATHWAY		30	0.4224041	1.0003494	0.5027022	0.9562483	1.0	2653	tags=47%, list=41%, signal=78%	
KEGG_DORSO_VENTRAL_AXIS_FORMATION	KEGG_DORSO_VENTRAL_AXIS_FORMATION		11	0.47089872	0.9975155	0.50324774	0.9563734	1.0	865	tags=27%, list=13%, signal=31%	
KEGG_FC_GAMMA_R_MEDIATED_PHAGOCYTOSIS	KEGG_FC_GAMMA_R_MEDIATED_PHAGOCYTOSIS		38	0.41244018	0.995996	0.5107	0.95112056	1.0	3202	tags=61%, list=49%, signal=118%	
KEGG_CHRONIC_MYELOID_LEUKEMIA	KEGG_CHRONIC_MYELOID_LEUKEMIA		34	0.41527435	0.99514365	0.5106	0.943553	1.0	2956	tags=56%, list=45%, signal=102%	
KEGG_COLORECTAL_CANCER	KEGG_COLORECTAL_CANCER		27	0.42124724	0.9920899	0.5143086	0.94441533	1.0	2653	tags=52%, list=41%, signal=87%	
KEGG_HEMATOPOIETIC_CELL_LINEAGE	KEGG_HEMATOPOIETIC_CELL_LINEAGE		11	0.466915	0.9887464	0.5159459	0.9462324	1.0	3176	tags=73%, list=49%, signal=142%	
KEGG_SNARE_INTERACTIONS_IN_VESICULAR_TRANSPORT	KEGG_SNARE_INTERACTIONS_IN_VESICULAR_TRANSPORT		18	0.43783203	0.98583835	0.52451426	0.94640887	1.0	3030	tags=61%, list=46%, signal=114%	
KEGG_PANTOTHENATE_AND_COA_BIOSYNTHESIS	KEGG_PANTOTHENATE_AND_COA_BIOSYNTHESIS		8	0.48918688	0.9832257	0.519093	0.945555	1.0	2722	tags=63%, list=42%, signal=107%	
KEGG_SMALL_CELL_LUNG_CANCER	KEGG_SMALL_CELL_LUNG_CANCER		32	0.41320083	0.982672	0.5396778	0.93731344	1.0	2741	tags=53%, list=42%, signal=91%	
KEGG_METABOLISM_OF_XENOBIOTICS_BY_CYTOCHROME_P450	KEGG_METABOLISM_OF_XENOBIOTICS_BY_CYTOCHROME_P450		17	0.4388339	0.9820246	0.52947116	0.9296057	1.0	1943	tags=41%, list=30%, signal=58%	
KEGG_PURINE_METABOLISM	KEGG_PURINE_METABOLISM		78	0.3888312	0.981667	0.5617	0.92107254	1.0	2512	tags=41%, list=39%, signal=66%	
KEGG_MELANOGENESIS	KEGG_MELANOGENESIS		35	0.4090156	0.9814995	0.5430715	0.91204995	1.0	2964	tags=54%, list=45%, signal=99%	
KEGG_ETHER_LIPID_METABOLISM	KEGG_ETHER_LIPID_METABOLISM		10	0.468346	0.97700596	0.53295785	0.9177918	1.0	62	tags=10%, list=1%, signal=10%	
KEGG_LEUKOCYTE_TRANSENDOTHELIAL_MIGRATION	KEGG_LEUKOCYTE_TRANSENDOTHELIAL_MIGRATION		31	0.4103611	0.9754864	0.55773467	0.91354144	1.0	2685	tags=48%, list=41%, signal=82%	
KEGG_GALACTOSE_METABOLISM	KEGG_GALACTOSE_METABOLISM		10	0.4706647	0.9748686	0.5365447	0.90642005	1.0	1081	tags=30%, list=17%, signal=36%	
KEGG_APOPTOSIS	KEGG_APOPTOSIS		31	0.408949	0.9721967	0.5666967	0.9061419	1.0	2653	tags=45%, list=41%, signal=76%	
KEGG_SULFUR_METABOLISM	KEGG_SULFUR_METABOLISM		6	0.5100335	0.9681645	0.5376153	0.91038024	1.0	2798	tags=67%, list=43%, signal=117%	
KEGG_P53_SIGNALING_PATHWAY	KEGG_P53_SIGNALING_PATHWAY		29	0.4086926	0.96660125	0.574945	0.9066249	1.0	3018	tags=52%, list=46%, signal=96%	
KEGG_DRUG_METABOLISM_CYTOCHROME_P450	KEGG_DRUG_METABOLISM_CYTOCHROME_P450		15	0.4369085	0.9641111	0.56430525	0.90583843	1.0	2727	tags=53%, list=42%, signal=91%	
KEGG_SYSTEMIC_LUPUS_ERYTHEMATOSUS	KEGG_SYSTEMIC_LUPUS_ERYTHEMATOSUS		15	0.4373701	0.96381855	0.5649311	0.89801496	1.0	2977	tags=60%, list=46%, signal=110%	
KEGG_B_CELL_RECEPTOR_SIGNALING_PATHWAY	KEGG_B_CELL_RECEPTOR_SIGNALING_PATHWAY		30	0.40214172	0.9540128	0.601421	0.9198486	1.0	3068	tags=60%, list=47%, signal=113%	
KEGG_ERBB_SIGNALING_PATHWAY	KEGG_ERBB_SIGNALING_PATHWAY		33	0.3983782	0.95122635	0.61538464	0.9197212	1.0	2653	tags=45%, list=41%, signal=76%	
KEGG_DRUG_METABOLISM_OTHER_ENZYMES	KEGG_DRUG_METABOLISM_OTHER_ENZYMES		11	0.4490839	0.9494102	0.57966834	0.91641885	1.0	1600	tags=36%, list=25%, signal=48%	
KEGG_SPLICEOSOME	KEGG_SPLICEOSOME		56	0.38185227	0.94618124	0.647	0.91744035	1.0	2445	tags=38%, list=37%, signal=59%	
KEGG_MTOR_SIGNALING_PATHWAY	KEGG_MTOR_SIGNALING_PATHWAY		16	0.42288753	0.9412361	0.60974133	0.9233763	1.0	2653	tags=56%, list=41%, signal=95%	
KEGG_MISMATCH_REPAIR	KEGG_MISMATCH_REPAIR		9	0.45929658	0.9381701	0.59556496	0.92349607	1.0	2361	tags=56%, list=36%, signal=87%	
KEGG_VALINE_LEUCINE_AND_ISOLEUCINE_DEGRADATION	KEGG_VALINE_LEUCINE_AND_ISOLEUCINE_DEGRADATION		13	0.4296183	0.9298237	0.61674815	0.9385344	1.0	546	tags=15%, list=8%, signal=17%	
KEGG_CYTOSOLIC_DNA_SENSING_PATHWAY	KEGG_CYTOSOLIC_DNA_SENSING_PATHWAY		13	0.4237842	0.92338157	0.62660813	0.9475988	1.0	2515	tags=54%, list=39%, signal=87%	
KEGG_GLYCOSPHINGOLIPID_BIOSYNTHESIS_GLOBO_SERIES	KEGG_GLYCOSPHINGOLIPID_BIOSYNTHESIS_GLOBO_SERIES		6	0.48293108	0.9170512	0.61615145	0.95620096	1.0	2386	tags=50%, list=37%, signal=79%	
KEGG_GLYCEROLIPID_METABOLISM	KEGG_GLYCEROLIPID_METABOLISM		15	0.41491058	0.91699016	0.6453147	0.94796264	1.0	1332	tags=27%, list=20%, signal=33%	
KEGG_ECM_RECEPTOR_INTERACTION	KEGG_ECM_RECEPTOR_INTERACTION		25	0.39170974	0.9137268	0.6749775	0.94814706	1.0	2741	tags=48%, list=42%, signal=82%	
KEGG_PROXIMAL_TUBULE_BICARBONATE_RECLAMATION	KEGG_PROXIMAL_TUBULE_BICARBONATE_RECLAMATION		6	0.4839467	0.91333836	0.6236559	0.94097185	1.0	2698	tags=50%, list=41%, signal=85%	
KEGG_PORPHYRIN_AND_CHLOROPHYLL_METABOLISM	KEGG_PORPHYRIN_AND_CHLOROPHYLL_METABOLISM		7	0.4688698	0.91105676	0.6330606	0.93876606	1.0	2669	tags=57%, list=41%, signal=97%	
KEGG_GAP_JUNCTION	KEGG_GAP_JUNCTION		46	0.37007087	0.90727675	0.7318	0.94019324	1.0	1433	tags=26%, list=22%, signal=33%	
KEGG_RIG_I_LIKE_RECEPTOR_SIGNALING_PATHWAY	KEGG_RIG_I_LIKE_RECEPTOR_SIGNALING_PATHWAY		24	0.38897586	0.9045738	0.68907815	0.93886447	1.0	2515	tags=42%, list=39%, signal=68%	
KEGG_COMPLEMENT_AND_COAGULATION_CASCADES	KEGG_COMPLEMENT_AND_COAGULATION_CASCADES		14	0.4132855	0.9044003	0.6572503	0.9314805	1.0	3066	tags=64%, list=47%, signal=121%	
KEGG_NICOTINATE_AND_NICOTINAMIDE_METABOLISM	KEGG_NICOTINATE_AND_NICOTINAMIDE_METABOLISM		8	0.4472776	0.8951047	0.6566432	0.94582266	1.0	2031	tags=50%, list=31%, signal=73%	
KEGG_CYTOKINE_CYTOKINE_RECEPTOR_INTERACTION	KEGG_CYTOKINE_CYTOKINE_RECEPTOR_INTERACTION		42	0.3671786	0.89247173	0.7504	0.9440917	1.0	2577	tags=40%, list=40%, signal=66%	
KEGG_VEGF_SIGNALING_PATHWAY	KEGG_VEGF_SIGNALING_PATHWAY		26	0.37927938	0.8892348	0.72213876	0.9437253	1.0	3068	tags=50%, list=47%, signal=94%	
KEGG_PYRUVATE_METABOLISM	KEGG_PYRUVATE_METABOLISM		19	0.38459125	0.8744729	0.7220155	0.96843606	1.0	2864	tags=53%, list=44%, signal=94%	
KEGG_GLYCOSAMINOGLYCAN_BIOSYNTHESIS_CHONDROITIN_SULFATE	KEGG_GLYCOSAMINOGLYCAN_BIOSYNTHESIS_CHONDROITIN_SULFATE		11	0.41220975	0.87284887	0.6934299	0.9640906	1.0	1830	tags=36%, list=28%, signal=50%	
KEGG_NUCLEOTIDE_EXCISION_REPAIR	KEGG_NUCLEOTIDE_EXCISION_REPAIR		23	0.37452477	0.8675596	0.74792105	0.96744287	1.0	2361	tags=39%, list=36%, signal=61%	
KEGG_WNT_SIGNALING_PATHWAY	KEGG_WNT_SIGNALING_PATHWAY		48	0.34971675	0.85943216	0.8282	0.97595435	1.0	3194	tags=54%, list=49%, signal=105%	
KEGG_TIGHT_JUNCTION	KEGG_TIGHT_JUNCTION		44	0.35182709	0.8593587	0.8163	0.9684786	1.0	1039	tags=23%, list=16%, signal=27%	
KEGG_GLYCEROPHOSPHOLIPID_METABOLISM	KEGG_GLYCEROPHOSPHOLIPID_METABOLISM		19	0.3783662	0.85837525	0.7511071	0.96281993	1.0	3447	tags=63%, list=53%, signal=134%	
KEGG_ALLOGRAFT_REJECTION	KEGG_ALLOGRAFT_REJECTION		8	0.4241746	0.84758395	0.71983314	0.975677	1.0	2707	tags=50%, list=42%, signal=85%	
KEGG_NATURAL_KILLER_CELL_MEDIATED_CYTOTOXICITY	KEGG_NATURAL_KILLER_CELL_MEDIATED_CYTOTOXICITY		30	0.35701373	0.8447832	0.808004	0.9732786	1.0	865	tags=13%, list=13%, signal=15%	
KEGG_AXON_GUIDANCE	KEGG_AXON_GUIDANCE		53	0.33916178	0.8359176	0.8734	0.9815929	1.0	3068	tags=49%, list=47%, signal=92%	
KEGG_NEUROACTIVE_LIGAND_RECEPTOR_INTERACTION	KEGG_NEUROACTIVE_LIGAND_RECEPTOR_INTERACTION		75	0.33041447	0.8310232	0.9144	0.9823976	1.0	2406	tags=35%, list=37%, signal=54%	
KEGG_AUTOIMMUNE_THYROID_DISEASE	KEGG_AUTOIMMUNE_THYROID_DISEASE		10	0.39826918	0.82982624	0.74604493	0.97703576	1.0	2707	tags=50%, list=42%, signal=85%	
KEGG_GLYCOSYLPHOSPHATIDYLINOSITOL_GPI_ANCHOR_BIOSYNTHESIS	KEGG_GLYCOSYLPHOSPHATIDYLINOSITOL_GPI_ANCHOR_BIOSYNTHESIS		10	0.39916664	0.82960576	0.7554794	0.9701758	1.0	2665	tags=40%, list=41%, signal=68%	
KEGG_HOMOLOGOUS_RECOMBINATION	KEGG_HOMOLOGOUS_RECOMBINATION		12	0.38729838	0.8294878	0.75868076	0.9632521	1.0	2361	tags=42%, list=36%, signal=65%	
KEGG_PPAR_SIGNALING_PATHWAY	KEGG_PPAR_SIGNALING_PATHWAY		24	0.35549197	0.82644933	0.8139838	0.9610503	1.0	3086	tags=46%, list=47%, signal=87%	
KEGG_RETINOL_METABOLISM	KEGG_RETINOL_METABOLISM		16	0.36611626	0.8185297	0.78740394	0.9662811	1.0	2701	tags=44%, list=41%, signal=75%	
KEGG_INTESTINAL_IMMUNE_NETWORK_FOR_IGA_PRODUCTION	KEGG_INTESTINAL_IMMUNE_NETWORK_FOR_IGA_PRODUCTION		10	0.38870668	0.81222963	0.7731014	0.968543	1.0	3097	tags=50%, list=47%, signal=95%	
KEGG_FC_EPSILON_RI_SIGNALING_PATHWAY	KEGG_FC_EPSILON_RI_SIGNALING_PATHWAY		24	0.3458222	0.8005304	0.84820265	0.978128	1.0	3090	tags=46%, list=47%, signal=87%	
KEGG_GLYCOSAMINOGLYCAN_BIOSYNTHESIS_HEPARAN_SULFATE	KEGG_GLYCOSAMINOGLYCAN_BIOSYNTHESIS_HEPARAN_SULFATE		13	0.3679666	0.7987465	0.8014676	0.9735662	1.0	1830	tags=31%, list=28%, signal=43%	
KEGG_PYRIMIDINE_METABOLISM	KEGG_PYRIMIDINE_METABOLISM		53	0.31821615	0.7854864	0.9356	0.9838931	1.0	2620	tags=36%, list=40%, signal=59%	
KEGG_GRAFT_VERSUS_HOST_DISEASE	KEGG_GRAFT_VERSUS_HOST_DISEASE		9	0.38282707	0.7845749	0.80493695	0.97817576	1.0	2707	tags=44%, list=42%, signal=76%	
KEGG_NON_SMALL_CELL_LUNG_CANCER	KEGG_NON_SMALL_CELL_LUNG_CANCER		24	0.33264944	0.77335656	0.87741613	0.98463774	1.0	2653	tags=42%, list=41%, signal=70%	
KEGG_ENDOMETRIAL_CANCER	KEGG_ENDOMETRIAL_CANCER		23	0.33429903	0.769584	0.880425	0.9821281	1.0	2685	tags=43%, list=41%, signal=74%	
KEGG_PEROXISOME	KEGG_PEROXISOME		27	0.32751754	0.7688293	0.89125866	0.97626513	1.0	3173	tags=48%, list=49%, signal=93%	
KEGG_CIRCADIAN_RHYTHM_MAMMAL	KEGG_CIRCADIAN_RHYTHM_MAMMAL		5	0.41322735	0.7580814	0.8245977	0.9810464	1.0	505	tags=20%, list=8%, signal=22%	
KEGG_OXIDATIVE_PHOSPHORYLATION	KEGG_OXIDATIVE_PHOSPHORYLATION		79	0.295775	0.7464343	0.9815	0.9861879	1.0	2000	tags=23%, list=31%, signal=32%	
KEGG_PARKINSONS_DISEASE	KEGG_PARKINSONS_DISEASE		74	0.2938726	0.7421029	0.9821	0.98355633	1.0	1606	tags=19%, list=25%, signal=25%	
KEGG_ALZHEIMERS_DISEASE	KEGG_ALZHEIMERS_DISEASE		95	0.2787113	0.70991135	0.9951	1.0	1.0	3160	tags=37%, list=48%, signal=70%	
KEGG_RNA_POLYMERASE	KEGG_RNA_POLYMERASE		15	0.3195838	0.7062353	0.9095055	1.0	1.0	2620	tags=40%, list=40%, signal=67%	
KEGG_BASE_EXCISION_REPAIR	KEGG_BASE_EXCISION_REPAIR		18	0.31096658	0.7027814	0.91824406	0.9962161	1.0	2361	tags=33%, list=36%, signal=52%	
KEGG_NOTCH_SIGNALING_PATHWAY	KEGG_NOTCH_SIGNALING_PATHWAY		14	0.3206183	0.7015167	0.90353733	0.9906429	1.0	3818	tags=71%, list=59%, signal=172%	
KEGG_TYPE_II_DIABETES_MELLITUS	KEGG_TYPE_II_DIABETES_MELLITUS		21	0.302945	0.6973927	0.9325572	0.98712087	1.0	2758	tags=43%, list=42%, signal=74%	
KEGG_DNA_REPLICATION	KEGG_DNA_REPLICATION		23	0.29747984	0.6896325	0.9437932	0.9858407	1.0	2661	tags=39%, list=41%, signal=66%	
KEGG_PROTEASOME	KEGG_PROTEASOME		21	0.29938713	0.68838584	0.93681043	0.9802978	1.0	4043	tags=67%, list=62%, signal=175%	
KEGG_ABC_TRANSPORTERS	KEGG_ABC_TRANSPORTERS		15	0.30895784	0.68707675	0.9245742	0.9748736	1.0	3226	tags=40%, list=49%, signal=79%	
KEGG_FRUCTOSE_AND_MANNOSE_METABOLISM	KEGG_FRUCTOSE_AND_MANNOSE_METABOLISM		17	0.3064852	0.6868399	0.93034273	0.9688506	1.0	3855	tags=76%, list=59%, signal=187%	
KEGG_CITRATE_CYCLE_TCA_CYCLE	KEGG_CITRATE_CYCLE_TCA_CYCLE		10	0.32621735	0.68139255	0.9092048	0.9659866	1.0	4044	tags=80%, list=62%, signal=210%	
KEGG_BASAL_TRANSCRIPTION_FACTORS	KEGG_BASAL_TRANSCRIPTION_FACTORS		14	0.29357895	0.6462664	0.94490665	0.9782605	1.0	2725	tags=36%, list=42%, signal=61%	
KEGG_HUNTINGTONS_DISEASE	KEGG_HUNTINGTONS_DISEASE		103	0.22397709	0.5714378	0.9999	0.9971383	1.0	2014	tags=20%, list=31%, signal=29%	
KEGG_LINOLEIC_ACID_METABOLISM	KEGG_LINOLEIC_ACID_METABOLISM		7	0.26589718	0.5212103	0.986655	0.99972016	1.0	1600	tags=14%, list=25%, signal=19%	
KEGG_ARACHIDONIC_ACID_METABOLISM	KEGG_ARACHIDONIC_ACID_METABOLISM		17	0.22840893	0.5110753	0.992633	0.99469846	1.0	2460	tags=24%, list=38%, signal=38%	
